geno,condition,rack,day,rep,vial_ID,first_frame,last_frame,slope,intercept,r_value,p_value,std_err
Mau,Ex,a,2,1,Mau_Ex_a_all,30,82,3.3252,41.4842,0.9968,0.0,0.0231
Mau,Ex,a,2,2,Mau_Ex_a_all,1,53,3.6462,66.7259,0.9974,0.0,0.0227
Mau,Ex,a,2,3,Mau_Ex_a_all,11,63,3.2366,28.4156,0.9951,0.0,0.0279
Mau,Ex,b,2,1,Mau_Ex_b_all,24,76,2.5708,56.0813,0.9949,0.0,0.0226
Mau,Ex,b,2,2,Mau_Ex_b_all,8,60,3.2589,62.4041,0.9983,0.0,0.0167
Mau,Ex,b,2,3,Mau_Ex_b_all,0,52,3.4491,73.2479,0.9953,0.0,0.029
Mau,Un,a,2,1,Mau_Un_a_all,22,74,3.2728,35.6702,0.9953,0.0,0.0277
Mau,Un,a,2,2,Mau_Un_a_all,27,79,3.857,33.4566,0.9972,0.0,0.025
Mau,Un,a,2,3,Mau_Un_a_all,37,89,3.3037,51.8885,0.9967,0.0,0.0232
Mau,Un,b,2,1,Mau_Un_b_all,5,57,2.96,76.1296,0.9923,0.0,0.0321
Mau,Un,b,2,2,Mau_Un_b_all,10,62,3.3622,90.4785,0.9942,0.0,0.0315
Mau,Un,b,2,3,Mau_Un_b_all,8,60,3.5967,37.5428,0.9968,0.0,0.0251
OreR,Ex,a,2,1,OreR_Ex_a_all,17,69,2.9652,31.7214,0.9974,0.0,0.0187
OreR,Ex,a,2,2,OreR_Ex_a_all,17,69,3.1326,38.6076,0.995,0.0,0.0272
OreR,Ex,a,2,3,OreR_Ex_a_all,14,66,2.6495,28.459,0.9982,0.0,0.0136
OreR,Ex,b,2,1,OreR_Ex_b_all,38,90,2.2654,38.1612,0.9861,0.0,0.033
OreR,Ex,b,2,2,OreR_Ex_b_all,15,67,2.8345,50.8715,0.9926,0.0,0.0301
OreR,Ex,b,2,3,OreR_Ex_b_all,58,110,1.9253,35.4995,0.9945,0.0,0.0176
OreR,Un,a,2,1,OreR_Un_a_all,24,76,1.9624,52.3722,0.9964,0.0,0.0145
OreR,Un,a,2,2,OreR_Un_a_all,2,54,2.4225,32.3923,0.9983,0.0,0.0124
OreR,Un,a,2,3,OreR_Un_a_all,20,72,2.0393,55.0223,0.9953,0.0,0.0172
OreR,Un,b,2,1,OreR_Un_b_all,1,53,1.6666,37.7299,0.9984,0.0,0.0083
OreR,Un,b,2,2,OreR_Un_b_all,1,53,2.3374,54.2572,0.9961,0.0,0.0178
OreR,Un,b,2,3,OreR_Un_b_all,11,63,2.2952,40.2232,0.9965,0.0,0.0166
SiI,Ex,a,2,1,SiI_Ex_a_all,7,59,1.2466,27.1411,0.9933,0.0,0.0126
SiI,Ex,a,2,2,SiI_Ex_a_all,35,87,1.4219,26.433000000000003,0.9906,0.0,0.017
SiI,Ex,a,2,3,SiI_Ex_a_all,24,76,1.5226,40.384,0.9943,0.0,0.0142
SiI,Ex,b,2,1,SiI_Ex_b_all,27,79,1.4089,26.1817,0.9925,0.0,0.015
SiI,Ex,b,2,2,SiI_Ex_b_all,47,99,1.6528,15.6708,0.9918,0.0,0.0185
SiI,Ex,b,2,3,SiI_Ex_b_all,53,105,1.6638,20.7885,0.995,0.0,0.0144
SiI,Un,a,2,1,SiI_Un_a_all,29,81,1.3548,19.4155,0.9949,0.0,0.0119
SiI,Un,a,2,2,SiI_Un_a_all,8,60,1.5802,29.4852,0.9936,0.0,0.0156
SiI,Un,a,2,3,SiI_Un_a_all,13,65,1.1245,26.1874,0.9939,0.0,0.0108
SiI,Un,b,2,1,SiI_Un_b_all,49,101,1.5297,17.9121,0.9915,0.0,0.0173
SiI,Un,b,2,2,SiI_Un_b_all,53,105,2.1131,-4.518,0.9958,0.0,0.0169
SiI,Un,b,2,3,SiI_Un_b_all,86,138,1.1308,63.8489,0.9816,0.0,0.019
Sm21,Ex,a,2,1,Sm21_Ex_a_all,41,93,2.4753,42.0682,0.9937,0.0,0.0241
Sm21,Ex,a,2,2,Sm21_Ex_a_all,71,123,1.3722,87.3811,0.9632,0.0,0.0331
Sm21,Ex,a,2,3,Sm21_Ex_a_all,78,130,2.9461,-45.7624,0.996,0.0,0.0229
Sm21,Ex,b,2,1,Sm21_Ex_b_all,0,52,2.2163,63.1006,0.9962,0.0,0.0168
Sm21,Ex,b,2,2,Sm21_Ex_b_all,46,98,2.0264,71.1513,0.9883,0.0,0.0271
Sm21,Ex,b,2,3,Sm21_Ex_b_all,2,54,2.6587,56.1895,0.9938,0.0,0.0257
Sm21,Un,a,2,1,Sm21_Un_a_all,13,65,2.4223,46.3704,0.9956,0.0,0.0196
Sm21,Un,a,2,2,Sm21_Un_a_all,44,96,2.4356,41.7379,0.9946,0.0,0.022
Sm21,Un,a,2,3,Sm21_Un_a_all,3,55,2.6363,45.3592,0.999,0.0,0.01
Sm21,Un,b,2,1,Sm21_Un_b_all,9,61,2.7344,31.9768,0.9977,0.0,0.0162
Sm21,Un,b,2,2,Sm21_Un_b_all,40,92,2.7123,36.411,0.9934,0.0,0.0272
Sm21,Un,b,2,3,Sm21_Un_b_all,46,98,2.6579,34.6157,0.9974,0.0,0.0167
Yak,Ex,a,2,1,Yak_Ex_a_all,0,52,2.7799,59.278,0.9946,0.0,0.025
Yak,Ex,a,2,2,Yak_Ex_a_all,16,68,2.9702,76.8335,0.9896,0.0,0.0374
Yak,Ex,a,2,3,Yak_Ex_a_all,66,118,1.2639,129.1823,0.9717,0.0,0.0266
Yak,Ex,b,2,1,Yak_Ex_b_all,52,104,2.137,108.8942,0.9886,0.0,0.0282
Yak,Ex,b,2,2,Yak_Ex_b_all,9,61,3.666,58.919,0.9945,0.0,0.0333
Yak,Ex,b,2,3,Yak_Ex_b_all,22,74,3.7006,47.3841,0.9936,0.0,0.0363
Yak,Un,a,2,1,Yak_Un_a_all,16,68,3.5697,38.44,0.9961,0.0,0.0272
Yak,Un,a,2,2,Yak_Un_a_all,15,67,3.2752,60.287,0.997,0.0,0.022
Yak,Un,a,2,3,Yak_Un_a_all,48,100,2.9811,71.2517,0.9908,0.0,0.0352
Yak,Un,b,2,1,Yak_Un_b_all,11,63,3.141,75.0191,0.9967,0.0,0.0223
Yak,Un,b,2,2,Yak_Un_b_all,36,88,3.1397,63.4908,0.9925,0.0,0.0334
Yak,Un,b,2,3,Yak_Un_b_all,14,66,4.2312,34.7535,0.9978,0.0,0.0244
Zim,Ex,a,2,1,Zim_Ex_a_all,40,92,2.1001,36.4129,0.9932,0.0,0.0213
Zim,Ex,a,2,2,Zim_Ex_a_all,3,55,3.0432,43.8707,0.9978,0.0,0.0176
Zim,Ex,a,2,3,Zim_Ex_a_all,6,58,2.6283,52.5555,0.9962,0.0,0.0199
Zim,Ex,b,2,1,Zim_Ex_b_all,11,63,2.0806,30.5542,0.9959,0.0,0.0164
Zim,Ex,b,2,2,Zim_Ex_b_all,4,56,2.9925,31.3161,0.9989,0.0,0.0121
Zim,Ex,b,2,3,Zim_Ex_b_all,17,69,3.1028,25.7477,0.9979,0.0,0.0175
Zim,Un,a,2,1,Zim_Un_a_all,6,58,2.3308,54.9315,0.9958,0.0,0.0186
Zim,Un,a,2,2,Zim_Un_a_all,42,94,2.3688,44.2376,0.9921,0.0,0.0259
Zim,Un,a,2,3,Zim_Un_a_all,3,55,3.0941,34.2557,0.9969,0.0,0.0212
Zim,Un,b,2,1,Zim_Un_b_all,21,73,2.9736,35.5352,0.995,0.0,0.0259
Zim,Un,b,2,2,Zim_Un_b_all,20,72,2.919,36.7642,0.9965,0.0,0.0211
Zim,Un,b,2,3,Zim_Un_b_all,5,57,2.5978,59.4398,0.9951,0.0,0.0223
Mau,Ex,a,3,1,Mau_Ex_a_all,92,144,1.1969,93.0048,0.9366,0.0,0.0388
Mau,Ex,a,3,2,Mau_Ex_a_all,45,97,2.3469,49.951,0.9951,0.0,0.0202
Mau,Ex,a,3,3,Mau_Ex_a_all,19,71,2.6777,38.7647,0.9967,0.0,0.0188
Mau,Ex,b,3,1,Mau_Ex_b_all,10,62,3.1895,39.396,0.9957,0.0,0.0257
Mau,Ex,b,3,2,Mau_Ex_b_all,10,62,2.7386,55.9359,0.9967,0.0,0.0193
Mau,Ex,b,3,3,Mau_Ex_b_all,34,86,2.9932,52.6133,0.9955,0.0,0.0247
Mau,Un,a,3,1,Mau_Un_a_all,45,97,2.6038,38.1161,0.9906,0.0,0.0311
Mau,Un,a,3,2,Mau_Un_a_all,16,68,2.6929,49.508,0.9948,0.0,0.0239
Mau,Un,a,3,3,Mau_Un_a_all,8,60,2.7852,48.6964,0.9976,0.0,0.0168
Mau,Un,b,3,1,Mau_Un_b_all,35,87,3.104,22.8876,0.9961,0.0,0.0238
Mau,Un,b,3,2,Mau_Un_b_all,26,78,3.0755,42.1492,0.9971,0.0,0.0202
Mau,Un,b,3,3,Mau_Un_b_all,24,76,2.3128,114.0539,0.9275,0.0,0.0807
OreR,Ex,a,3,1,OreR_Ex_a_all,17,69,2.3866,16.8949,0.998,0.0,0.0131
OreR,Ex,a,3,2,OreR_Ex_a_all,54,106,1.7167,50.3581,0.974,0.0,0.0346
OreR,Ex,a,3,3,OreR_Ex_a_all,42,94,1.4609,50.4883,0.9925,0.0,0.0156
OreR,Ex,b,3,1,OreR_Ex_b_all,12,64,1.8024,27.3434,0.9971,0.0,0.0119
OreR,Ex,b,3,2,OreR_Ex_b_all,20,72,1.8225,28.4833,0.9966,0.0,0.0131
OreR,Ex,b,3,3,OreR_Ex_b_all,13,65,2.3405,43.6879,0.9931,0.0,0.0239
OreR,Un,a,3,1,OreR_Un_a_all,18,70,1.4596,35.5343,0.9959,0.0,0.0115
OreR,Un,a,3,2,OreR_Un_a_all,18,70,2.5096,32.0965,0.9969,0.0,0.0171
OreR,Un,a,3,3,OreR_Un_a_all,3,55,2.1129,32.3293,0.9983,0.0,0.0108
OreR,Un,b,3,1,OreR_Un_b_all,32,84,1.8611,16.1213,0.9967,0.0,0.0131
OreR,Un,b,3,2,OreR_Un_b_all,26,78,1.5553,37.7846,0.9933,0.0,0.0157
OreR,Un,b,3,3,OreR_Un_b_all,0,52,2.1749,31.0728,0.9956,0.0,0.0176
SiI,Ex,a,3,1,SiI_Ex_a_all,81,133,1.1835,20.5938,0.9871,0.0,0.0166
SiI,Ex,a,3,2,SiI_Ex_a_all,34,86,1.5089,15.1042,0.9901,0.0,0.0185
SiI,Ex,a,3,3,SiI_Ex_a_all,21,73,1.0848,45.8887,0.9898,0.0,0.0135
SiI,Ex,b,3,1,SiI_Ex_b_all,34,86,1.2301,23.1262,0.9942,0.0,0.0115
SiI,Ex,b,3,2,SiI_Ex_b_all,41,93,1.823,17.2002,0.9982,0.0,0.0094
SiI,Ex,b,3,3,SiI_Ex_b_all,45,97,1.5462,28.8483,0.9937,0.0,0.0151
SiI,Un,a,3,1,SiI_Un_a_all,80,132,0.9985,15.4875,0.9915,0.0,0.0113
SiI,Un,a,3,2,SiI_Un_a_all,32,84,1.0729,31.887,0.9867,0.0,0.0153
SiI,Un,a,3,3,SiI_Un_a_all,43,95,1.0997,49.8511,0.9598,0.0,0.0278
SiI,Un,b,3,1,SiI_Un_b_all,33,85,1.3897,20.9896,0.997,0.0,0.0093
SiI,Un,b,3,2,SiI_Un_b_all,22,74,1.8587,26.7905,0.9953,0.0,0.0156
SiI,Un,b,3,3,SiI_Un_b_all,20,72,1.6211,21.9328,0.9971,0.0,0.0106
Sm21,Ex,a,3,1,Sm21_Ex_a_all,2,54,1.15,34.3579,0.9959,0.0,0.0091
Sm21,Ex,a,3,2,Sm21_Ex_a_all,92,144,0.7193,88.4017,0.9441,0.0,0.0218
Sm21,Ex,a,3,3,Sm21_Ex_a_all,7,59,1.8961,48.0114,0.9848,0.0,0.029
Sm21,Ex,b,3,1,Sm21_Ex_b_all,87,139,0.7703,117.5564,0.8995,0.0,0.0324
Sm21,Ex,b,3,2,Sm21_Ex_b_all,33,85,2.1126,40.0742,0.9974,0.0,0.0133
Sm21,Ex,b,3,3,Sm21_Ex_b_all,9,61,2.2761,40.129,0.9967,0.0,0.0161
Sm21,Un,a,3,1,Sm21_Un_a_all,32,84,2.3819,23.6538,0.9966,0.0,0.0171
Sm21,Un,a,3,2,Sm21_Un_a_all,19,71,2.3803,28.8355,0.9984,0.0,0.0115
Sm21,Un,a,3,3,Sm21_Un_a_all,43,95,3.1737,-3.6937,0.9984,0.0,0.0155
Sm21,Un,b,3,1,Sm21_Un_b_all,30,82,3.1009,16.7243,0.9977,0.0,0.0184
Sm21,Un,b,3,2,Sm21_Un_b_all,18,70,2.5704,44.82899999999999,0.9981,0.0,0.0139
Sm21,Un,b,3,3,Sm21_Un_b_all,1,53,2.6115,53.9615,0.9968,0.0,0.0182
Yak,Ex,a,3,1,Yak_Ex_a_all,32,84,2.7291,38.0539,0.9961,0.0,0.0209
Yak,Ex,a,3,2,Yak_Ex_a_all,27,79,3.261,43.6893,0.9985,0.0,0.0153
Yak,Ex,a,3,3,Yak_Ex_a_all,27,79,2.9028,42.1381,0.9969,0.0,0.0197
Yak,Ex,b,3,1,Yak_Ex_b_all,22,74,3.4208,60.8579,0.9914,0.0,0.0392
Yak,Ex,b,3,2,Yak_Ex_b_all,10,62,3.6448,55.3075,0.9982,0.0,0.0187
Yak,Ex,b,3,3,Yak_Ex_b_all,24,76,2.9704,94.4941,0.9952,0.0,0.0252
Yak,Un,a,3,1,Yak_Un_a_all,42,94,2.4943,22.3647,0.994,0.0,0.0237
Yak,Un,a,3,2,Yak_Un_a_all,11,63,3.0291,36.2798,0.9963,0.0,0.0226
Yak,Un,a,3,3,Yak_Un_a_all,9,61,2.7551,51.0247,0.9967,0.0,0.0193
Yak,Un,b,3,1,Yak_Un_b_all,21,73,2.9896,40.6095,0.9974,0.0,0.0189
Yak,Un,b,3,2,Yak_Un_b_all,32,84,3.5377,12.3812,0.9965,0.0,0.0258
Yak,Un,b,3,3,Yak_Un_b_all,17,69,3.1622,35.7221,0.9969,0.0,0.0215
Zim,Ex,a,3,1,Zim_Ex_a_all,28,80,2.1352,28.4904,0.9978,0.0,0.0122
Zim,Ex,a,3,2,Zim_Ex_a_all,21,73,2.4304,38.8898,0.9981,0.0,0.0129
Zim,Ex,a,3,3,Zim_Ex_a_all,43,95,2.0151,40.1834,0.9939,0.0,0.0193
Zim,Ex,b,3,1,Zim_Ex_b_all,15,67,2.3644,38.9769,0.9966,0.0,0.0169
Zim,Ex,b,3,2,Zim_Ex_b_all,7,59,2.2824,34.2853,0.9963,0.0,0.0171
Zim,Ex,b,3,3,Zim_Ex_b_all,7,59,2.3314,47.992,0.9967,0.0,0.0163
Zim,Un,a,3,1,Zim_Un_a_all,42,94,1.2867,31.6256,0.991,0.0,0.015
Zim,Un,a,3,2,Zim_Un_a_all,41,93,2.2103,29.5482,0.9879,0.0,0.03
Zim,Un,a,3,3,Zim_Un_a_all,5,57,2.2172,34.0338,0.9983,0.0,0.0111
Zim,Un,b,3,1,Zim_Un_b_all,4,56,1.7075,41.1994,0.9971,0.0,0.0114
Zim,Un,b,3,2,Zim_Un_b_all,26,78,2.372,27.0288,0.9979,0.0,0.0132
Zim,Un,b,3,3,Zim_Un_b_all,33,85,2.7066,16.8939,0.9982,0.0,0.0141
Mau,Ex,a,4,1,Mau_Ex_a_all,26,78,2.7642,28.1169,0.9965,0.0,0.0201
Mau,Ex,a,4,2,Mau_Ex_a_all,4,56,2.7196,42.2904,0.9982,0.0,0.0143
Mau,Ex,a,4,3,Mau_Ex_a_all,0,52,2.6782,52.5155,0.9939,0.0,0.0257
Mau,Ex,b,4,1,Mau_Ex_b_all,19,71,2.4388,35.1523,0.9893,0.0,0.0311
Mau,Ex,b,4,2,Mau_Ex_b_all,4,56,2.454,52.1859,0.9973,0.0,0.0157
Mau,Ex,b,4,3,Mau_Ex_b_all,46,98,3.0241,14.4071,0.9977,0.0,0.0177
Mau,Un,a,4,1,Mau_Un_a_all,41,93,1.7313,55.6969,0.9812,0.0,0.0295
Mau,Un,a,4,2,Mau_Un_a_all,47,99,2.4194,41.7171,0.9847,0.0,0.0371
Mau,Un,a,4,3,Mau_Un_a_all,26,78,2.6018,38.9584,0.9919,0.0,0.0289
Mau,Un,b,4,1,Mau_Un_b_all,29,81,2.5303,28.0462,0.9943,0.0,0.0235
Mau,Un,b,4,2,Mau_Un_b_all,11,63,2.6311,53.4815,0.9862,0.0,0.0383
Mau,Un,b,4,3,Mau_Un_b_all,33,85,2.4137,56.6259,0.9855,0.0,0.036000000000000004
OreR,Ex,a,4,1,OreR_Ex_a_all,38,90,1.9235,19.7386,0.9953,0.0,0.0163
OreR,Ex,a,4,2,OreR_Ex_a_all,58,110,1.5264,33.3732,0.9797,0.0,0.027000000000000003
OreR,Ex,a,4,3,OreR_Ex_a_all,59,111,1.4828,31.1634,0.9844,0.0,0.023
OreR,Ex,b,4,1,OreR_Ex_b_all,40,92,1.0221,36.3924,0.9871,0.0,0.0143
OreR,Ex,b,4,2,OreR_Ex_b_all,47,99,1.3798,45.0716,0.9619,0.0,0.0339
OreR,Ex,b,4,3,OreR_Ex_b_all,27,79,1.3522,55.7882,0.9858,0.0,0.02
OreR,Un,a,4,1,OreR_Un_a_all,4,56,1.751,42.7614,0.995,0.0,0.0152
OreR,Un,a,4,2,OreR_Un_a_all,84,136,0.5405,79.1153,0.8486,0.0,0.0292
OreR,Un,a,4,3,OreR_Un_a_all,60,112,1.1283,59.0432,0.9091,0.0,0.0448
OreR,Un,b,4,1,OreR_Un_b_all,65,117,1.6056,33.3126,0.9882,0.0,0.0215
OreR,Un,b,4,2,OreR_Un_b_all,37,89,1.7114,27.7522,0.9977,0.0,0.01
OreR,Un,b,4,3,OreR_Un_b_all,16,68,2.072,23.2268,0.9971,0.0,0.0137
SiI,Ex,a,4,1,SiI_Ex_a_all,46,98,0.8238,16.4798,0.99,0.0,0.0102
SiI,Ex,a,4,2,SiI_Ex_a_all,82,134,0.72,32.5496,0.9795,0.0,0.0128
SiI,Ex,a,4,3,SiI_Ex_a_all,55,107,1.0284,16.9835,0.99,0.0,0.0127
SiI,Ex,b,4,1,SiI_Ex_b_all,31,83,1.1174,30.0966,0.99,0.0,0.0138
SiI,Ex,b,4,2,SiI_Ex_b_all,42,94,0.9374,33.2864,0.9906,0.0,0.0112
SiI,Ex,b,4,3,SiI_Ex_b_all,44,96,1.1558,29.9012,0.993,0.0,0.0119
SiI,Un,a,4,1,SiI_Un_a_all,50,102,0.9849,18.8934,0.9689,0.0,0.0218
SiI,Un,a,4,2,SiI_Un_a_all,43,95,0.9225,19.3755,0.9912,0.0,0.0107
SiI,Un,a,4,3,SiI_Un_a_all,43,95,1.1633,22.0416,0.9895,0.0,0.0147
SiI,Un,b,4,1,SiI_Un_b_all,50,102,0.8908,25.2791,0.9937,0.0,0.0087
SiI,Un,b,4,2,SiI_Un_b_all,51,103,1.1165,21.9958,0.9853,0.0,0.0168
SiI,Un,b,4,3,SiI_Un_b_all,66,118,1.1581,23.0984,0.9906,0.0,0.0138
Sm21,Ex,a,4,1,Sm21_Ex_a_all,47,99,1.5904,27.1225,0.9855,0.0,0.0237
Sm21,Ex,a,4,2,Sm21_Ex_a_all,7,59,1.8005,37.3413,0.9965,0.0,0.013
Sm21,Ex,a,4,3,Sm21_Ex_a_all,1,53,2.1437,30.574,0.9959,0.0,0.017
Sm21,Ex,b,4,1,Sm21_Ex_b_all,20,72,1.5199,37.0156,0.9927,0.0,0.016
Sm21,Ex,b,4,2,Sm21_Ex_b_all,3,55,1.7471,45.9427,0.9938,0.0,0.017
Sm21,Ex,b,4,3,Sm21_Ex_b_all,35,87,2.4154,-0.3578,0.9948,0.0,0.0215
Sm21,Un,a,4,1,Sm21_Un_a_all,80,132,1.5037,47.7727,0.9907,0.0,0.0179
Sm21,Un,a,4,2,Sm21_Un_a_all,24,76,1.6625,29.1793,0.9953,0.0,0.014
Sm21,Un,a,4,3,Sm21_Un_a_all,7,59,1.6782,29.5318,0.9956,0.0,0.0136
Sm21,Un,b,4,1,Sm21_Un_b_all,70,122,1.5443,51.9036,0.9804,0.0,0.0269
Sm21,Un,b,4,2,Sm21_Un_b_all,8,60,1.8456,48.6308,0.9956,0.0,0.0151
Sm21,Un,b,4,3,Sm21_Un_b_all,18,70,2.2433,29.3055,0.9955,0.0,0.0185
Yak,Ex,a,4,1,Yak_Ex_a_all,38,90,2.1147,47.0794,0.9969,0.0,0.0143
Yak,Ex,a,4,2,Yak_Ex_a_all,0,52,2.7263,49.6523,0.9967,0.0,0.0191
Yak,Ex,a,4,3,Yak_Ex_a_all,0,52,2.6706,59.2428,0.9982,0.0,0.0139
Yak,Ex,b,4,1,Yak_Ex_b_all,18,70,3.426,55.1823,0.9979,0.0,0.0191
Yak,Ex,b,4,2,Yak_Ex_b_all,9,61,3.2626,75.8586,0.9969,0.0,0.0223
Yak,Ex,b,4,3,Yak_Ex_b_all,57,109,2.0096,93.3496,0.9917,0.0,0.0225
Yak,Un,a,4,1,Yak_Un_a_all,14,66,2.4744,49.8242,0.9921,0.0,0.0271
Yak,Un,a,4,2,Yak_Un_a_all,19,71,2.6709,40.4033,0.995,0.0,0.0232
Yak,Un,a,4,3,Yak_Un_a_all,23,75,2.7878,44.2888,0.9927,0.0,0.0294
Yak,Un,b,4,1,Yak_Un_b_all,40,92,2.4773,58.7516,0.9962,0.0,0.0187
Yak,Un,b,4,2,Yak_Un_b_all,23,75,2.7525,47.8772,0.9961,0.0,0.0211
Yak,Un,b,4,3,Yak_Un_b_all,22,74,3.2924,43.9719,0.9986,0.0,0.0151
Zim,Ex,a,4,1,Zim_Ex_a_all,76,128,1.2272,55.8573,0.9736,0.0,0.0249
Zim,Ex,a,4,2,Zim_Ex_a_all,27,79,1.7055,29.505,0.9941,0.0,0.0161
Zim,Ex,a,4,3,Zim_Ex_a_all,27,79,2.8436,32.4688,0.9962,0.0,0.0214
Zim,Ex,b,4,1,Zim_Ex_b_all,35,87,1.392,48.6502,0.9709,0.0,0.0297
Zim,Ex,b,4,2,Zim_Ex_b_all,28,80,2.0769,47.3406,0.9948,0.0,0.0185
Zim,Ex,b,4,3,Zim_Ex_b_all,39,91,2.197,29.392,0.9877,0.0,0.0301
Zim,Un,a,4,1,Zim_Un_a_all,22,74,2.0131,31.0526,0.9971,0.0,0.0134
Zim,Un,a,4,2,Zim_Un_a_all,47,99,1.9198,34.3134,0.9921,0.0,0.021
Zim,Un,a,4,3,Zim_Un_a_all,17,69,1.9897,37.0016,0.9964,0.0,0.0147
Zim,Un,b,4,1,Zim_Un_b_all,69,121,1.3585,30.4536,0.9849,0.0,0.0207
Zim,Un,b,4,2,Zim_Un_b_all,27,79,2.1263,28.9796,0.9981,0.0,0.0113
Zim,Un,b,4,3,Zim_Un_b_all,50,102,2.5722,17.5792,0.9965,0.0,0.0187
Mau,Ex,a,5,1,Mau_Ex_a_all,13,65,2.5903,49.7733,0.9965,0.0,0.0188
Mau,Ex,a,5,2,Mau_Ex_a_all,41,93,2.4648,43.2732,0.9947,0.0,0.022
Mau,Ex,a,5,3,Mau_Ex_a_all,9,61,2.8072,37.6365,0.9959,0.0,0.0222
Mau,Ex,b,5,1,Mau_Ex_b_all,39,91,2.1855,53.6568,0.9916,0.0,0.0247
Mau,Ex,b,5,2,Mau_Ex_b_all,61,113,1.0981,117.2362,0.9414,0.0,0.034
Mau,Ex,b,5,3,Mau_Ex_b_all,64,116,1.6986,66.315,0.9906,0.0,0.0203
Mau,Un,a,5,1,Mau_Un_a_all,34,86,2.766,54.4955,0.9826,0.0,0.0453
Mau,Un,a,5,2,Mau_Un_a_all,3,55,2.2347,38.24,0.9972,0.0,0.0146
Mau,Un,a,5,3,Mau_Un_a_all,27,79,1.9823,52.2256,0.9745,0.0,0.0395
Mau,Un,b,5,1,Mau_Un_b_all,24,76,2.3883,49.92100000000001,0.9943,0.0,0.0222
Mau,Un,b,5,2,Mau_Un_b_all,29,81,2.0481,73.5082,0.995,0.0,0.0178
Mau,Un,b,5,3,Mau_Un_b_all,45,97,2.4262,39.2675,0.9874,0.0,0.0337
OreR,Ex,a,5,1,OreR_Ex_a_all,40,92,1.4411,32.4457,0.9949,0.0,0.0127
OreR,Ex,a,5,2,OreR_Ex_a_all,25,77,1.6177,41.8084,0.9848,0.0,0.0247
OreR,Ex,a,5,3,OreR_Ex_a_all,35,87,1.4872,53.1322,0.9798,0.0,0.0263
OreR,Ex,b,5,1,OreR_Ex_b_all,21,73,1.5094,32.4012,0.9963,0.0,0.0113
OreR,Ex,b,5,2,OreR_Ex_b_all,18,70,1.506,47.5499,0.9861,0.0,0.022
OreR,Ex,b,5,3,OreR_Ex_b_all,37,89,1.7697,35.6086,0.9955,0.0,0.0146
OreR,Un,a,5,1,OreR_Un_a_all,25,77,2.1121,49.1395,0.9921,0.0,0.0231
OreR,Un,a,5,2,OreR_Un_a_all,6,58,2.9503,34.4842,0.9979,0.0,0.0164
OreR,Un,a,5,3,OreR_Un_a_all,1,53,2.4917,58.1356,0.9968,0.0,0.0174
OreR,Un,b,5,3,OreR_Un_b_all,3,55,2.6217,42.4234,0.9982,0.0,0.0138
OreR,Un,b,5,1,OreR_Un_b_all,47,99,1.9166,32.1536,0.9904,0.0,0.0232
OreR,Un,b,5,2,OreR_Un_b_all,9,61,2.1931,45.0781,0.9972,0.0,0.0142
SiI,Ex,a,5,1,SiI_Ex_a_all,31,83,0.8308,23.7925,0.9882,0.0,0.0112
SiI,Ex,a,5,2,SiI_Ex_a_all,68,120,0.9188,21.726,0.9509,0.0,0.0259
SiI,Ex,a,5,3,SiI_Ex_a_all,15,67,0.5774,39.1977,0.9316,0.0,0.0195
SiI,Ex,b,5,1,SiI_Ex_b_all,54,106,0.8804,47.3178,0.9649,0.0,0.0208
SiI,Ex,b,5,2,SiI_Ex_b_all,9,61,1.1905,35.4359,0.995,0.0,0.0103
SiI,Ex,b,5,3,SiI_Ex_b_all,2,54,1.1245,33.4482,0.9904,0.0,0.0136
SiI,Un,a,5,1,SiI_Un_a_all,87,139,0.4562,42.9792,0.9777,0.0,0.0085
SiI,Un,a,5,2,SiI_Un_a_all,79,131,0.4565,30.3905,0.9135,0.0,0.0176
SiI,Un,a,5,3,SiI_Un_a_all,71,123,1.1549,13.8842,0.9892,0.0,0.0148
SiI,Un,b,5,1,SiI_Un_b_all,11,63,0.8303,33.3516,0.9898,0.0,0.0103
SiI,Un,b,5,2,SiI_Un_b_all,42,94,1.054,23.0509,0.9818,0.0,0.0177
SiI,Un,b,5,3,SiI_Un_b_all,41,93,0.994,30.731,0.9876,0.0,0.0137
Sm21,Ex,a,5,1,Sm21_Ex_a_all,15,67,1.952,63.2512,0.9917,0.0,0.0219
Sm21,Ex,a,5,2,Sm21_Ex_a_all,29,81,2.0173,51.9495,0.9949,0.0,0.0178
Sm21,Ex,a,5,3,Sm21_Ex_a_all,15,67,2.3534,46.9592,0.994,0.0,0.0225
Sm21,Ex,b,5,1,Sm21_Ex_b_all,38,90,1.3032,42.33600000000001,0.9856,0.0,0.0193
Sm21,Ex,b,5,2,Sm21_Ex_b_all,37,89,2.6185,31.1135,0.9971,0.0,0.0172
Sm21,Ex,b,5,3,Sm21_Ex_b_all,5,57,2.8098,53.477,0.9976,0.0,0.017
Sm21,Un,a,5,1,Sm21_Un_a_all,80,132,0.9026,82.6996,0.9722,0.0,0.0188
Sm21,Un,a,5,2,Sm21_Un_a_all,46,98,1.0079,81.0847,0.9457,0.0,0.03
Sm21,Un,a,5,3,Sm21_Un_a_all,2,54,1.8635,40.0634,0.9957,0.0,0.015
Sm21,Un,b,5,1,Sm21_Un_b_all,20,72,2.1815,46.4014,0.997,0.0,0.0148
Sm21,Un,b,5,2,Sm21_Un_b_all,15,67,2.7092,37.7307,0.9979,0.0,0.0153
Sm21,Un,b,5,3,Sm21_Un_b_all,20,72,2.4739,40.7435,0.9983,0.0,0.0124
Yak,Ex,a,5,1,Yak_Ex_a_all,47,99,1.7972,74.6341,0.9838,0.0,0.0284
Yak,Ex,a,5,2,Yak_Ex_a_all,15,67,3.1043,60.8005,0.9962,0.0,0.0235
Yak,Ex,a,5,3,Yak_Ex_a_all,5,57,2.8658,67.8562,0.997,0.0,0.0194
Yak,Ex,b,5,1,Yak_Ex_b_all,84,136,1.3737,122.9074,0.9696,0.0,0.03
Yak,Ex,b,5,2,Yak_Ex_b_all,44,96,2.0932,143.4846,0.9845,0.0,0.0323
Yak,Ex,b,5,3,Yak_Ex_b_all,62,114,1.8547,26.2937,0.9874,0.0,0.0257
Yak,Un,a,5,1,Yak_Un_a_all,32,84,2.3904,67.5136,0.9958,0.0,0.019
Yak,Un,a,5,2,Yak_Un_a_all,15,67,3.4229,60.7339,0.9986,0.0,0.0158
Yak,Un,a,5,3,Yak_Un_a_all,31,83,3.4645,20.8589,0.9973,0.0,0.022
Yak,Un,b,5,1,Yak_Un_b_all,1,53,2.9259,44.2861,0.9977,0.0,0.0171
Yak,Un,b,5,2,Yak_Un_b_all,29,81,3.4755,36.4806,0.9985,0.0,0.0166
Yak,Un,b,5,3,Yak_Un_b_all,8,60,3.3606,40.2827,0.9979,0.0,0.0188
Zim,Ex,a,5,1,Zim_Ex_a_all,30,82,1.6662,31.6933,0.994,0.0,0.0158
Zim,Ex,a,5,2,Zim_Ex_a_all,6,58,2.5163,44.2709,0.9966,0.0,0.0181
Zim,Ex,a,5,3,Zim_Ex_a_all,0,52,2.2114,34.8818,0.9984,0.0,0.0109
Zim,Ex,b,5,1,Zim_Ex_b_all,29,81,1.4659,58.6938,0.9885,0.0,0.0194
Zim,Ex,b,5,2,Zim_Ex_b_all,14,66,1.9132,43.6961,0.9951,0.0,0.0165
Zim,Ex,b,5,3,Zim_Ex_b_all,29,81,3.2104,35.2386,0.9961,0.0,0.0245
Zim,Un,a,5,1,Zim_Un_a_all,4,56,1.5825,60.5174,0.9934,0.0,0.0159
Zim,Un,a,5,2,Zim_Un_a_all,34,86,1.5530000000000002,51.7471,0.9927,0.0,0.0163
Zim,Un,a,5,3,Zim_Un_a_all,54,106,1.5712,67.475,0.9763,0.0,0.0302
Zim,Un,b,5,1,Zim_Un_b_all,5,57,1.3601,39.5495,0.9961,0.0,0.0104
Zim,Un,b,5,2,Zim_Un_b_all,28,80,2.3298,29.3307,0.9976,0.0,0.0139
Zim,Un,b,5,3,Zim_Un_b_all,76,128,1.7389,46.2853,0.9757,0.0,0.0338
Mau,Ex,a,8,1,Mau_Ex_a_all,1,53,2.4901,35.5574,0.993,0.0,0.0257
Mau,Ex,a,8,3,Mau_Ex_a_all,15,67,2.7705,46.0147,0.991,0.0,0.0324
Mau,Ex,b,8,1,Mau_Ex_b_all,2,54,2.3101,31.4828,0.997,0.0,0.0157
Mau,Ex,b,8,2,Mau_Ex_b_all,75,127,2.0565,32.4847,0.987,0.0,0.029
Mau,Ex,b,8,3,Mau_Ex_b_all,2,54,2.5929,43.1122,0.997,0.0,0.0174
Mau,Un,a,8,1,Mau_Un_a_all,73,125,1.5991,76.7336,0.9798,0.0,0.0283
Mau,Un,a,8,2,Mau_Un_a_all,10,62,2.5514,37.8237,0.9919,0.0,0.0284
Mau,Un,a,8,3,Mau_Un_a_all,10,62,2.296,30.3121,0.9959,0.0,0.018000000000000002
Mau,Un,b,8,1,Mau_Un_b_all,32,84,2.5004,47.0919,0.9918,0.0,0.0279
Mau,Un,b,8,2,Mau_Un_b_all,46,98,2.2391,54.5993,0.9924,0.0,0.024
Mau,Un,b,8,3,Mau_Un_b_all,30,82,2.6104,50.5056,0.9928,0.0,0.0272
OreR,Ex,a,8,1,OreR_Ex_a_all,10,62,1.9764,14.9744,0.9973,0.0,0.0126
OreR,Ex,a,8,2,OreR_Ex_a_all,16,68,1.4406,21.6723,0.9951,0.0,0.0124
OreR,Ex,a,8,3,OreR_Ex_a_all,52,104,1.5951,62.0278,0.9842,0.0,0.0249
OreR,Ex,b,8,1,OreR_Ex_b_all,74,126,1.3535,34.1691,0.981,0.0,0.0232
OreR,Ex,b,8,2,OreR_Ex_b_all,0,52,2.0453,20.9121,0.9954,0.0,0.017
OreR,Ex,b,8,3,OreR_Ex_b_all,5,57,2.0206,20.9165,0.9962,0.0,0.0153
OreR,Un,a,8,1,OreR_Un_a_all,25,77,2.1312,15.9433,0.9921,0.0,0.0233
OreR,Un,a,8,2,OreR_Un_a_all,4,56,1.4442,38.4845,0.9919,0.0,0.016
OreR,Un,a,8,3,OreR_Un_a_all,30,82,2.3245,9.9266,0.9952,0.0,0.0199
OreR,Un,b,8,1,OreR_Un_b_all,3,55,2.1276,34.3194,0.9979,0.0,0.0119
OreR,Un,b,8,2,OreR_Un_b_all,12,64,2.9146,41.7725,0.998,0.0,0.0162
OreR,Un,b,8,3,OreR_Un_b_all,19,71,2.0974,42.9619,0.9855,0.0,0.0313
SiI,Ex,a,8,1,SiI_Ex_a_all,53,105,0.7328,21.8803,0.9583,0.0,0.0189
SiI,Ex,a,8,2,SiI_Ex_a_all,66,118,0.9018,27.1325,0.9911,0.0,0.0105
SiI,Ex,a,8,3,SiI_Ex_a_all,8,60,1.1251,25.4343,0.9803,0.0,0.0196
SiI,Ex,b,8,1,SiI_Ex_b_all,53,105,0.9948,18.0154,0.9899,0.0,0.0123
SiI,Ex,b,8,2,SiI_Ex_b_all,0,52,1.1193,31.3998,0.9943,0.0,0.0104
SiI,Ex,b,8,3,SiI_Ex_b_all,35,87,1.0396,20.0102,0.9871,0.0,0.0146
SiI,Un,a,8,1,SiI_Un_a_all,50,102,0.9213,8.6651,0.9872,0.0,0.0129
SiI,Un,a,8,2,SiI_Un_a_all,38,90,0.8402,22.0536,0.9813,0.0,0.0143
SiI,Un,a,8,3,SiI_Un_a_all,23,75,0.5963,23.7844,0.9746,0.0,0.0119
SiI,Un,b,8,1,SiI_Un_b_all,50,102,1.0593,22.9579,0.9915,0.0,0.0121
SiI,Un,b,8,2,SiI_Un_b_all,54,106,1.3478,-9.0253,0.9913,0.0,0.0155
SiI,Un,b,8,3,SiI_Un_b_all,19,71,0.9775,20.5361,0.9874,0.0,0.0136
Sm21,Ex,a,8,1,Sm21_Ex_a_all,27,79,1.8021,25.5881,0.9926,0.0,0.0191
Sm21,Ex,a,8,2,Sm21_Ex_a_all,19,71,1.8037,32.5662,0.9877,0.0,0.0247
Sm21,Ex,a,8,3,Sm21_Ex_a_all,39,91,2.1016,7.26,0.9925,0.0,0.0224
Sm21,Ex,b,8,1,Sm21_Ex_b_all,27,79,2.0502,22.2057,0.9937,0.0,0.0201
Sm21,Ex,b,8,2,Sm21_Ex_b_all,42,94,2.0655,16.7515,0.9898,0.0,0.0257
Sm21,Ex,b,8,3,Sm21_Ex_b_all,37,89,2.285,41.8701,0.9928,0.0,0.0239
Sm21,Un,a,8,1,Sm21_Un_a_all,44,96,1.9016,31.0664,0.9852,0.0,0.0287
Sm21,Un,a,8,2,Sm21_Un_a_all,49,101,1.6239,26.8809,0.9905,0.0,0.0196
Sm21,Un,a,8,3,Sm21_Un_a_all,43,95,1.714,29.5503,0.9929,0.0,0.0177
Sm21,Un,b,8,1,Sm21_Un_b_all,37,89,1.5506,51.8061,0.9936,0.0,0.0153
Sm21,Un,b,8,2,Sm21_Un_b_all,14,66,1.2652,55.2262,0.992,0.0,0.014
Sm21,Un,b,8,3,Sm21_Un_b_all,21,73,1.7728,42.5332,0.9949,0.0,0.0155
Yak,Ex,a,8,1,Yak_Ex_a_all,78,130,1.4864,94.0293,0.9852,0.0,0.0224
Yak,Ex,a,8,2,Yak_Ex_a_all,20,72,2.312,38.3787,0.9953,0.0,0.0195
Yak,Ex,a,8,3,Yak_Ex_a_all,22,74,2.2066,73.6825,0.9958,0.0,0.0175
Yak,Ex,b,8,1,Yak_Ex_b_all,76,128,2.4006,30.8938,0.9925,0.0,0.0256
Yak,Ex,b,8,2,Yak_Ex_b_all,47,99,2.6068,82.887,0.9957,0.0,0.0209
Yak,Ex,b,8,3,Yak_Ex_b_all,0,52,3.0708,77.3609,0.999,0.0,0.0118
Yak,Un,a,8,1,Yak_Un_a_all,69,121,1.5587,94.4653,0.9747,0.0,0.031
Yak,Un,a,8,2,Yak_Un_a_all,37,89,2.423,32.6967,0.9916,0.0,0.0274
Yak,Un,a,8,3,Yak_Un_a_all,57,109,2.2755,2.845,0.9951,0.0,0.0197
Yak,Un,b,8,1,Yak_Un_b_all,20,72,2.3057,73.3091,0.996,0.0,0.0179
Yak,Un,b,8,2,Yak_Un_b_all,61,113,2.0461,103.2155,0.991,0.0,0.024
Yak,Un,b,8,3,Yak_Un_b_all,84,136,2.4503,64.3669,0.9895,0.0,0.031
Zim,Ex,a,8,1,Zim_Ex_a_all,23,75,2.1037,21.2778,0.9981,0.0,0.0112
Zim,Ex,a,8,2,Zim_Ex_a_all,12,64,2.0545,21.9737,0.9982,0.0,0.0108
Zim,Ex,a,8,3,Zim_Ex_a_all,74,126,0.9264,96.7535,0.9638,0.0,0.0222
Zim,Ex,b,8,1,Zim_Ex_b_all,24,76,1.7913,32.493,0.9954,0.0,0.015
Zim,Ex,b,8,2,Zim_Ex_b_all,23,75,2.1909,33.5251,0.9963,0.0,0.0163
Zim,Ex,b,8,3,Zim_Ex_b_all,58,110,1.9646,55.5963,0.9872,0.0,0.0275
Zim,Un,a,8,1,Zim_Un_a_all,10,62,1.3033,33.3091,0.9938,0.0,0.0126
Zim,Un,a,8,2,Zim_Un_a_all,0,52,1.446,32.3818,0.9975,0.0,0.0089
Zim,Un,a,8,3,Zim_Un_a_all,0,52,1.9449,39.0094,0.9888,0.0,0.0254
Zim,Un,b,8,1,Zim_Un_b_all,24,76,2.3646,2.4652,0.998,0.0,0.0128
Zim,Un,b,8,2,Zim_Un_b_all,28,80,2.0921,13.4187,0.9947,0.0,0.0187
Zim,Un,b,8,3,Zim_Un_b_all,59,111,1.3226,51.7647,0.9802,0.0,0.0231
Mau,Ex,a,9,1,Mau_Ex_a_all,24,76,2.6678,37.0911,0.9937,0.0,0.0261
Mau,Ex,a,9,2,Mau_Ex_a_all,32,84,2.9631,32.7464,0.9936,0.0,0.0292
Mau,Ex,a,9,3,Mau_Ex_a_all,14,66,3.1014,49.0518,0.9794,0.0,0.0553
Mau,Ex,b,9,1,Mau_Ex_b_all,27,79,2.3345,53.5186,0.9898,0.0,0.0291
Mau,Ex,b,9,2,Mau_Ex_b_all,32,84,2.1386,54.9057,0.9827,0.0,0.0349
Mau,Ex,b,9,3,Mau_Ex_b_all,24,76,2.6274,54.073,0.9936,0.0,0.0258
Mau,Un,a,9,1,Mau_Un_a_all,25,77,2.8662,25.6271,0.9963,0.0,0.0213
Mau,Un,a,9,2,Mau_Un_a_all,18,70,2.1393,67.4898,0.9852,0.0,0.0322
Mau,Un,a,9,3,Mau_Un_a_all,55,107,1.8847,91.0763,0.9914,0.0,0.0216
Mau,Un,b,9,1,Mau_Un_b_all,15,67,2.1134,40.8964,0.9954,0.0,0.0176
Mau,Un,b,9,2,Mau_Un_b_all,0,52,2.4251,54.223,0.9967,0.0,0.017
Mau,Un,b,9,3,Mau_Un_b_all,0,52,2.7229,61.4106,0.9944,0.0,0.0251
OreR,Ex,a,9,1,OreR_Ex_a_all,13,65,2.0555,31.3715,0.9958,0.0,0.0164
OreR,Ex,a,9,2,OreR_Ex_a_all,7,59,2.1419,56.4166,0.9933,0.0,0.0217
OreR,Ex,a,9,3,OreR_Ex_a_all,4,56,2.3351,50.587,0.9983,0.0,0.0116
OreR,Ex,b,9,1,OreR_Ex_b_all,55,107,1.5802,42.0653,0.9883,0.0,0.0211
OreR,Ex,b,9,2,OreR_Ex_b_all,34,86,1.8799,28.8839,0.9966,0.0,0.0134
OreR,Ex,b,9,3,OreR_Ex_b_all,87,139,1.2309,57.033,0.9916,0.0,0.0139
OreR,Un,a,9,1,OreR_Un_a_all,5,57,1.7541,43.9551,0.997,0.0,0.0119
OreR,Un,a,9,2,OreR_Un_a_all,49,101,1.5818,19.3211,0.9917,0.0,0.0178
OreR,Un,a,9,3,OreR_Un_a_all,32,84,1.8517,47.7766,0.9879,0.0,0.0251
OreR,Un,b,9,1,OreR_Un_b_all,2,54,1.8553,40.2,0.9955,0.0,0.0154
OreR,Un,b,9,2,OreR_Un_b_all,27,79,2.1642,28.2001,0.995,0.0,0.0188
OreR,Un,b,9,3,OreR_Un_b_all,34,86,2.2349,39.687,0.9946,0.0,0.0203
SiI,Ex,a,9,1,SiI_Ex_a_all,25,77,0.8208,23.1233,0.9882,0.0,0.011
SiI,Ex,a,9,2,SiI_Ex_a_all,9,61,1.0633,39.6145,0.9879,0.0,0.0144
SiI,Ex,a,9,3,SiI_Ex_a_all,27,79,1.0727,27.878,0.9901,0.0,0.0132
SiI,Ex,b,9,1,SiI_Ex_b_all,52,104,1.1795,13.4125,0.9919,0.0,0.0131
SiI,Ex,b,9,2,SiI_Ex_b_all,80,132,1.0651,15.5517,0.9905,0.0,0.0128
SiI,Ex,b,9,3,SiI_Ex_b_all,92,144,0.7303,45.9587,0.887,0.0,0.0329
SiI,Un,a,9,1,SiI_Un_a_all,25,77,0.6005,30.8086,0.9863,0.0,0.0087
SiI,Un,a,9,2,SiI_Un_a_all,0,52,0.8212,31.6979,0.9871,0.0,0.0115
SiI,Un,a,9,3,SiI_Un_a_all,9,61,0.9778,25.0873,0.993,0.0,0.0101
SiI,Un,b,9,1,SiI_Un_b_all,66,118,1.3661,6.3658,0.9948,0.0,0.0122
SiI,Un,b,9,2,SiI_Un_b_all,13,65,0.9538,35.1862,0.9925,0.0,0.0102
SiI,Un,b,9,3,SiI_Un_b_all,11,63,1.4795,38.63,0.9915,0.0,0.0168
Sm21,Ex,a,9,1,Sm21_Ex_a_all,20,72,1.4968,36.835,0.9831,0.0,0.0241
Sm21,Ex,a,9,2,Sm21_Ex_a_all,27,79,1.6768,35.3893,0.9909,0.0,0.0197
Sm21,Ex,a,9,3,Sm21_Ex_a_all,64,116,1.3630000000000002,45.709,0.9762,0.0,0.0262
Sm21,Ex,b,9,1,Sm21_Ex_b_all,77,129,0.8374,75.0398,0.9816,0.0,0.0141
Sm21,Ex,b,9,2,Sm21_Ex_b_all,43,95,1.499,41.1339,0.9912,0.0,0.0173
Sm21,Ex,b,9,3,Sm21_Ex_b_all,13,65,2.2148,36.1266,0.9969,0.0,0.0152
Sm21,Un,a,9,1,Sm21_Un_a_all,15,67,2.3547,35.59,0.998,0.0,0.0129
Sm21,Un,a,9,2,Sm21_Un_a_all,4,56,2.2402,37.0089,0.9962,0.0,0.0169
Sm21,Un,a,9,3,Sm21_Un_a_all,16,68,2.4492,24.4075,0.996,0.0,0.0191
Sm21,Un,b,9,1,Sm21_Un_b_all,27,79,2.1111,25.1408,0.9983,0.0,0.0106
Sm21,Un,b,9,2,Sm21_Un_b_all,8,60,2.5768,36.6959,0.9936,0.0,0.0254
Sm21,Un,b,9,3,Sm21_Un_b_all,21,73,2.3883,45.719,0.9974,0.0,0.0149
Yak,Ex,a,9,1,Yak_Ex_a_all,5,57,3.1142,37.6884,0.9966,0.0,0.0222
Yak,Ex,a,9,2,Yak_Ex_a_all,81,133,1.108,131.4108,0.9793,0.0,0.0198
Yak,Ex,a,9,3,Yak_Ex_a_all,12,64,2.1697,75.9118,0.9837,0.0,0.0343
Yak,Ex,b,9,1,Yak_Ex_b_all,0,52,3.2361,74.5099,0.9979,0.0,0.0182
Yak,Ex,b,9,2,Yak_Ex_b_all,1,53,3.6728,63.5979,0.998,0.0,0.0202
Yak,Ex,b,9,3,Yak_Ex_b_all,6,58,3.805,70.172,0.9979,0.0,0.0215
Yak,Un,a,9,1,Yak_Un_a_all,0,52,2.4168,52.9601,0.9903,0.0,0.0294
Yak,Un,a,9,2,Yak_Un_a_all,61,113,1.5593,88.9555,0.9563,0.0,0.0413
Yak,Un,a,9,3,Yak_Un_a_all,23,75,3.2232,42.5836,0.9927,0.0,0.0339
Yak,Un,b,9,1,Yak_Un_b_all,16,68,2.907,36.7349,0.9982,0.0,0.0152
Yak,Un,b,9,2,Yak_Un_b_all,8,60,3.3548,55.816,0.9983,0.0,0.0172
Yak,Un,b,9,3,Yak_Un_b_all,51,103,2.0211,95.899,0.9893,0.0,0.0258
Zim,Ex,a,9,1,Zim_Ex_a_all,11,63,1.4131,46.3669,0.9858,0.0,0.0209
Zim,Ex,a,9,2,Zim_Ex_a_all,31,83,1.9265,52.137,0.9953,0.0,0.0162
Zim,Ex,a,9,3,Zim_Ex_a_all,21,73,1.5616,66.8355,0.9906,0.0,0.0187
Zim,Ex,b,9,1,Zim_Ex_b_all,40,92,1.5373,45.6503,0.9868,0.0,0.0218
Zim,Ex,b,9,2,Zim_Ex_b_all,20,72,2.1373,31.5771,0.9957,0.0,0.0172
Zim,Ex,b,9,3,Zim_Ex_b_all,17,69,2.3269,49.2313,0.9981,0.0,0.0126
Zim,Un,a,9,1,Zim_Un_a_all,11,63,1.3831,47.7108,0.9938,0.0,0.0134
Zim,Un,a,9,2,Zim_Un_a_all,9,61,1.6531,40.258,0.992,0.0,0.0183
Zim,Un,a,9,3,Zim_Un_a_all,12,64,1.795,47.636,0.9945,0.0,0.0164
Zim,Un,b,9,1,Zim_Un_b_all,28,80,2.1529,24.1119,0.9953,0.0,0.0182
Zim,Un,b,9,2,Zim_Un_b_all,6,58,1.7285,50.5451,0.9963,0.0,0.0129
Zim,Un,b,9,3,Zim_Un_b_all,43,95,2.0966,63.8067,0.9897,0.0,0.0263
Mau,Ex,a,10,1,Mau_Ex_a_all,10,62,1.9095,54.3623,0.9886,0.0,0.0252
Mau,Ex,a,10,2,Mau_Ex_a_all,25,77,1.9311,57.445,0.9895,0.0,0.0245
Mau,Ex,a,10,3,Mau_Ex_a_all,24,76,2.7069,14.3778,0.9939,0.0,0.0259
Mau,Ex,b,10,1,Mau_Ex_b_all,32,84,1.8312,26.8603,0.9914,0.0,0.0209
Mau,Ex,b,10,2,Mau_Ex_b_all,6,58,2.2656,43.2295,0.9952,0.0,0.0193
Mau,Ex,b,10,3,Mau_Ex_b_all,31,83,2.1021,25.1929,0.994,0.0,0.0201
Mau,Un,a,10,1,Mau_Un_a_all,10,62,1.7727,45.0017,0.99,0.0,0.0218
Mau,Un,a,10,2,Mau_Un_a_all,7,59,2.17,48.3385,0.99,0.0,0.0268
Mau,Un,a,10,3,Mau_Un_a_all,21,73,2.1951,30.341,0.9882,0.0,0.0295
Mau,Un,b,10,1,Mau_Un_b_all,13,65,1.6549,35.4703,0.9954,0.0,0.0138
Mau,Un,b,10,2,Mau_Un_b_all,20,72,2.3649,36.2145,0.9975,0.0,0.0145
Mau,Un,b,10,3,Mau_Un_b_all,45,97,1.8291,35.8293,0.9841,0.0,0.0286
OreR,Ex,a,10,1,OreR_Ex_a_all,35,87,1.1799,29.8087,0.992,0.0,0.013
OreR,Ex,a,10,2,OreR_Ex_a_all,25,77,1.4694,34.2002,0.9938,0.0,0.0142
OreR,Ex,a,10,3,OreR_Ex_a_all,1,53,1.6745,36.6179,0.9973,0.0,0.0107
OreR,Ex,b,10,1,OreR_Ex_b_all,26,78,1.1979,28.7304,0.9928,0.0,0.0125
OreR,Ex,b,10,2,OreR_Ex_b_all,46,98,1.5592,38.4597,0.9942,0.0,0.0147
OreR,Ex,b,10,3,OreR_Ex_b_all,42,94,1.8023,21.8561,0.9845,0.0,0.0278
OreR,Un,a,10,1,OreR_Un_a_all,59,111,1.2776,37.3872,0.9658,0.0,0.0297
OreR,Un,a,10,2,OreR_Un_a_all,1,53,1.0942,34.6149,0.9936,0.0,0.0107
OreR,Un,a,10,3,OreR_Un_a_all,22,74,1.7248,18.8448,0.9889,0.0,0.0225
OreR,Un,b,10,1,OreR_Un_b_all,92,144,0.8203,49.9828,0.9546,0.0,0.0222
OreR,Un,b,10,2,OreR_Un_b_all,41,93,1.4793,28.8974,0.9843,0.0,0.023
OreR,Un,b,10,3,OreR_Un_b_all,5,57,1.4075,42.476000000000006,0.9906,0.0,0.0169
SiI,Ex,a,10,1,SiI_Ex_a_all,53,105,0.7014,23.916,0.9831,0.0,0.0113
SiI,Ex,a,10,2,SiI_Ex_a_all,4,56,0.7708,18.1739,0.9936,0.0,0.0076
SiI,Ex,a,10,3,SiI_Ex_a_all,54,106,1.1817,22.9223,0.9874,0.0,0.0164
SiI,Ex,b,10,1,SiI_Ex_b_all,26,78,0.6847,28.8874,0.9903,0.0,0.0083
SiI,Ex,b,10,2,SiI_Ex_b_all,20,72,0.9102,34.8245,0.9886,0.0,0.012
SiI,Ex,b,10,3,SiI_Ex_b_all,40,92,1.141,23.6923,0.9874,0.0,0.0158
SiI,Un,a,10,1,SiI_Un_a_all,36,88,0.5064,17.4483,0.9857,0.0,0.0075
SiI,Un,a,10,2,SiI_Un_a_all,46,98,0.5026,14.6882,0.9689,0.0,0.0111
SiI,Un,a,10,3,SiI_Un_a_all,26,78,0.9147,20.8332,0.9859,0.0,0.0135
SiI,Un,b,10,1,SiI_Un_b_all,13,65,0.8164,32.0271,0.9936,0.0,0.008
SiI,Un,b,10,2,SiI_Un_b_all,71,123,1.0386,23.6238,0.9717,0.0,0.0219
SiI,Un,b,10,3,SiI_Un_b_all,3,55,1.499,30.3372,0.9946,0.0,0.0135
Sm21,Ex,a,10,1,Sm21_Ex_a_all,9,61,1.4222,29.7829,0.995,0.0,0.0124
Sm21,Ex,a,10,2,Sm21_Ex_a_all,5,57,1.4812,28.2231,0.9959,0.0,0.0117
Sm21,Ex,a,10,3,Sm21_Ex_a_all,51,103,1.2618,26.5432,0.9926,0.0,0.0133
Sm21,Ex,b,10,1,Sm21_Ex_b_all,57,109,1.3557,18.9683,0.9963,0.0,0.0101
Sm21,Ex,b,10,2,Sm21_Ex_b_all,41,93,1.6117,23.6714,0.9916,0.0,0.0182
Sm21,Ex,b,10,3,Sm21_Ex_b_all,62,114,1.8969,6.0483,0.9927,0.0,0.02
Sm21,Un,a,10,2,Sm21_Un_a_all,74,126,1.0219,64.2208,0.9905,0.0,0.0123
Sm21,Un,a,10,3,Sm21_Un_a_all,0,52,1.4256,43.0452,0.9884,0.0,0.019
Sm21,Un,b,10,1,Sm21_Un_b_all,78,130,1.4065,29.2993,0.9919,0.0,0.0156
Sm21,Un,b,10,2,Sm21_Un_b_all,0,52,1.7288,40.4929,0.9959,0.0,0.0137
Sm21,Un,b,10,3,Sm21_Un_b_all,0,52,1.7718,37.0593,0.9947,0.0,0.0158
Yak,Ex,a,10,1,Yak_Ex_a_all,20,72,2.7239,43.2681,0.9974,0.0,0.0171
Yak,Ex,a,10,2,Yak_Ex_a_all,4,56,3.3029,65.2438,0.9952,0.0,0.0281
Yak,Ex,a,10,3,Yak_Ex_a_all,5,57,3.6155,60.2942,0.9979,0.0,0.0205
Yak,Ex,b,10,1,Yak_Ex_b_all,4,56,3.1260000000000003,99.0673,0.9974,0.0,0.0194
Yak,Ex,b,10,2,Yak_Ex_b_all,10,62,2.9258,56.3152,0.998,0.0,0.0161
Yak,Ex,b,10,3,Yak_Ex_b_all,5,57,3.0776,71.1645,0.9969,0.0,0.0212
Yak,Un,a,10,1,Yak_Un_a_all,5,57,2.2669,50.8124,0.9966,0.0,0.0163
Yak,Un,a,10,2,Yak_Un_a_all,0,52,1.8191,58.3602,0.9831,0.0,0.0293
Yak,Un,a,10,3,Yak_Un_a_all,33,85,2.492,50.2099,0.9883,0.0,0.0333
Yak,Un,b,10,1,Yak_Un_b_all,41,93,2.3245,35.2751,0.9946,0.0,0.0211
Yak,Un,b,10,2,Yak_Un_b_all,19,71,2.9709,31.3761,0.9972,0.0,0.0192
Yak,Un,b,10,3,Yak_Un_b_all,8,60,2.7047,36.2006,0.9967,0.0,0.019
Zim,Ex,a,10,1,Zim_Ex_a_all,2,54,1.9347,35.3712,0.9938,0.0,0.0188
Zim,Ex,a,10,2,Zim_Ex_a_all,23,75,1.9253,40.9972,0.996,0.0,0.0149
Zim,Ex,a,10,3,Zim_Ex_a_all,21,73,1.6439,49.315,0.9935,0.0,0.0163
Zim,Ex,b,10,1,Zim_Ex_b_all,56,108,1.0012,22.6654,0.9777,0.0,0.0186
Zim,Ex,b,10,2,Zim_Ex_b_all,70,122,1.5137,9.7419,0.9819,0.0,0.0253
Zim,Ex,b,10,3,Zim_Ex_b_all,3,55,1.7413,36.8241,0.9897,0.0,0.0218
Zim,Un,a,10,1,Zim_Un_a_all,18,70,1.0232,35.7284,0.993,0.0,0.0106
Zim,Un,a,10,2,Zim_Un_a_all,52,104,1.2231,30.7899,0.9935,0.0,0.0121
Zim,Un,a,10,3,Zim_Un_a_all,19,71,1.7807,35.6664,0.9929,0.0,0.0185
Zim,Un,b,10,1,Zim_Un_b_all,57,109,0.9734,38.2288,0.9695,0.0,0.0213
Zim,Un,b,10,2,Zim_Un_b_all,5,57,1.1267,49.8901,0.9872,0.0,0.0158
Zim,Un,b,10,3,Zim_Un_b_all,5,57,2.1239,38.5139,0.9888,0.0,0.0277
Mau,Ex,a,11,1,Mau_Ex_a_all,2,54,1.5003,59.0939,0.9789,0.0,0.0271
Mau,Ex,a,11,3,Mau_Ex_a_all,9,61,1.9174,41.6363,0.9968,0.0,0.0133
Mau,Ex,b,11,1,Mau_Ex_b_all,33,85,1.4157,42.429,0.9946,0.0,0.0128
Mau,Ex,b,11,2,Mau_Ex_b_all,40,92,1.9842,18.8178,0.9937,0.0,0.0194
Mau,Ex,b,11,3,Mau_Ex_b_all,8,60,1.8867,49.9038,0.9938,0.0,0.0182
Mau,Un,a,11,1,Mau_Un_a_all,49,101,1.7288,22.8199,0.9899,0.0,0.0214
Mau,Un,a,11,2,Mau_Un_a_all,30,82,1.6894,23.9597,0.9944,0.0,0.0156
Mau,Un,a,11,3,Mau_Un_a_all,12,64,1.6641,43.5629,0.9919,0.0,0.0184
Mau,Un,b,11,1,Mau_Un_b_all,28,80,2.087,23.3534,0.9889,0.0,0.0271
Mau,Un,b,11,2,Mau_Un_b_all,43,95,1.8469,37.8627,0.9907,0.0,0.0219
Mau,Un,b,11,3,Mau_Un_b_all,43,95,2.275,22.3537,0.996,0.0,0.0176
OreR,Ex,a,11,1,OreR_Ex_a_all,41,93,1.1576,16.0961,0.9955,0.0,0.0095
OreR,Ex,a,11,2,OreR_Ex_a_all,13,65,1.0415,28.692,0.9916,0.0,0.0118
OreR,Ex,a,11,3,OreR_Ex_a_all,81,133,0.9645,37.2717,0.9556,0.0,0.0258
OreR,Ex,b,11,1,OreR_Ex_b_all,62,114,0.8701,36.0188,0.9702,0.0,0.0188
OreR,Ex,b,11,2,OreR_Ex_b_all,55,107,1.0662,21.7793,0.989,0.0,0.0138
OreR,Ex,b,11,3,OreR_Ex_b_all,1,53,1.157,24.3664,0.996,0.0,0.0089
OreR,Un,a,11,1,OreR_Un_a_all,0,52,1.4744,34.5889,0.9931,0.0,0.015
OreR,Un,a,11,2,OreR_Un_a_all,4,56,1.3208,41.197,0.9903,0.0,0.016
OreR,Un,a,11,3,OreR_Un_a_all,26,78,1.7906,23.3717,0.9925,0.0,0.0191
OreR,Un,b,11,1,OreR_Un_b_all,62,114,1.2621,22.8616,0.9951,0.0,0.0109
OreR,Un,b,11,2,OreR_Un_b_all,46,98,1.1798,27.9899,0.9904,0.0,0.0143
OreR,Un,b,11,3,OreR_Un_b_all,19,71,1.3648,24.662,0.9874,0.0,0.0189
SiI,Ex,a,11,1,SiI_Ex_a_all,19,71,0.6351,24.9121,0.9846,0.0,0.0098
SiI,Ex,a,11,2,SiI_Ex_a_all,56,108,0.7695,15.7122,0.9712,0.0,0.0163
SiI,Ex,a,11,3,SiI_Ex_a_all,36,88,0.8521,18.3641,0.9468,0.0,0.0251
SiI,Ex,b,11,1,SiI_Ex_b_all,69,121,0.6247,17.7966,0.9877,0.0,0.0086
SiI,Ex,b,11,2,SiI_Ex_b_all,59,111,0.7258,14.5097,0.9848,0.0,0.0111
SiI,Ex,b,11,3,SiI_Ex_b_all,47,99,0.9113,17.2576,0.9876,0.0,0.0125
SiI,Un,a,11,1,SiI_Un_a_all,43,95,0.4088,17.6056,0.984,0.0,0.0064
SiI,Un,a,11,2,SiI_Un_a_all,77,129,0.6288,20.1594,0.955,0.0,0.0169
SiI,Un,a,11,3,SiI_Un_a_all,19,71,0.6815,34.8276,0.9739,0.0,0.0137
SiI,Un,b,11,1,SiI_Un_b_all,49,101,0.7813,20.7925,0.9728,0.0,0.0161
SiI,Un,b,11,2,SiI_Un_b_all,30,82,0.3873,22.864,0.9758,0.0,0.0075
SiI,Un,b,11,3,SiI_Un_b_all,7,59,0.617,28.7562,0.9821,0.0,0.0103
Sm21,Ex,a,11,1,Sm21_Ex_a_all,79,131,1.2818,14.6718,0.9901,0.0,0.0157
Sm21,Ex,a,11,2,Sm21_Ex_a_all,32,84,1.0973,21.0429,0.9852,0.0,0.0166
Sm21,Ex,a,11,3,Sm21_Ex_a_all,0,52,1.3582,32.403,0.9908,0.0,0.0161
Sm21,Ex,b,11,1,Sm21_Ex_b_all,29,81,1.1397,29.6343,0.9906,0.0,0.0136
Sm21,Ex,b,11,2,Sm21_Ex_b_all,3,55,1.1233,29.3466,0.9956,0.0,0.0091
Sm21,Ex,b,11,3,Sm21_Ex_b_all,42,94,1.2831,29.3591,0.9932,0.0,0.0131
Sm21,Un,a,11,1,Sm21_Un_a_all,75,127,1.5103,6.9121,0.9923,0.0,0.0163
Sm21,Un,a,11,2,Sm21_Un_a_all,31,83,1.3874,27.6118,0.9877,0.0,0.019
Sm21,Un,a,11,3,Sm21_Un_a_all,21,73,1.144,34.3198,0.9834,0.0,0.0183
Sm21,Un,b,11,1,Sm21_Un_b_all,24,76,1.663,15.5248,0.9929,0.0,0.0172
Sm21,Un,b,11,2,Sm21_Un_b_all,36,88,1.7636,10.9275,0.9941,0.0,0.0166
Sm21,Un,b,11,3,Sm21_Un_b_all,7,59,1.4026,19.3355,0.995,0.0,0.0122
Yak,Ex,a,11,1,Yak_Ex_a_all,85,137,1.0337,103.3596,0.9599,0.0,0.0261
Yak,Ex,a,11,2,Yak_Ex_a_all,0,52,3.0189,49.0218,0.9957,0.0,0.0243
Yak,Ex,a,11,3,Yak_Ex_a_all,5,57,3.1421,57.8541,0.9945,0.0,0.0286
Yak,Ex,b,11,1,Yak_Ex_b_all,14,66,2.687,47.8379,0.9964,0.0,0.0198
Yak,Ex,b,11,2,Yak_Ex_b_all,0,52,2.5734,81.5547,0.996,0.0,0.02
Yak,Ex,b,11,3,Yak_Ex_b_all,7,59,2.9017,47.1564,0.9972,0.0,0.019
Yak,Un,a,11,1,Yak_Un_a_all,12,64,1.8542,28.8769,0.9955,0.0,0.0153
Yak,Un,a,11,2,Yak_Un_a_all,35,87,2.3841,35.9601,0.9914,0.0,0.0273
Yak,Un,a,11,3,Yak_Un_a_all,10,62,2.4307,37.6414,0.9966,0.0,0.0174
Yak,Un,b,11,1,Yak_Un_b_all,43,95,2.6875,0.5841,0.9963,0.0,0.0201
Yak,Un,b,11,2,Yak_Un_b_all,17,69,2.5447,41.0944,0.9948,0.0,0.0225
Yak,Un,b,11,3,Yak_Un_b_all,27,79,3.0042,29.0838,0.9978,0.0,0.0172
Zim,Ex,a,11,1,Zim_Ex_a_all,59,111,1.1864,22.3048,0.9919,0.0,0.0132
Zim,Ex,a,11,2,Zim_Ex_a_all,17,69,1.3148,30.7671,0.9902,0.0,0.016
Zim,Ex,a,11,3,Zim_Ex_a_all,12,64,1.446,31.5866,0.9963,0.0,0.0109
Zim,Ex,b,11,1,Zim_Ex_b_all,31,83,1.3805,15.0834,0.993,0.0,0.0143
Zim,Ex,b,11,2,Zim_Ex_b_all,50,102,1.1995,16.2212,0.9909,0.0,0.0141
Zim,Ex,b,11,3,Zim_Ex_b_all,17,69,1.5674,20.188,0.9965,0.0,0.0114
Zim,Un,a,11,1,Zim_Un_a_all,85,137,0.6574,29.2933,0.9722,0.0,0.0137
Zim,Un,a,11,2,Zim_Un_a_all,66,118,1.1803,16.833,0.9804,0.0,0.0205
Zim,Un,a,11,3,Zim_Un_a_all,46,98,1.2658,21.2558,0.994,0.0,0.0121
Zim,Un,b,11,1,Zim_Un_b_all,68,120,0.6978,30.3233,0.9753,0.0,0.0137
Zim,Un,b,11,2,Zim_Un_b_all,37,89,0.9668,19.0385,0.9861,0.0,0.0141
Zim,Un,b,11,3,Zim_Un_b_all,18,70,0.8167,27.1588,0.9908,0.0,0.0096
Mau,Ex,a,12,1,Mau_Ex_a_all,58,110,1.8894,60.7461,0.9922,0.0,0.0205
Mau,Ex,a,12,2,Mau_Ex_a_all,1,53,2.4207,42.7375,0.996,0.0,0.0189
Mau,Ex,a,12,3,Mau_Ex_a_all,18,70,2.7403,40.4448,0.9964,0.0,0.0203
Mau,Ex,b,12,1,Mau_Ex_b_all,3,55,1.9067,40.6695,0.9968,0.0,0.0131
Mau,Ex,b,12,2,Mau_Ex_b_all,12,64,2.7666,41.5464,0.9947,0.0,0.0248
Mau,Ex,b,12,3,Mau_Ex_b_all,27,79,2.3794,66.681,0.995,0.0,0.0207
Mau,Un,a,12,1,Mau_Un_a_all,31,83,1.6565,49.9956,0.9948,0.0,0.0147
Mau,Un,a,12,2,Mau_Un_a_all,38,90,2.1011,43.9754,0.9914,0.0,0.0241
Mau,Un,a,12,3,Mau_Un_a_all,46,98,2.0827,57.6453,0.9874,0.0,0.0289
Mau,Un,b,12,1,Mau_Un_b_all,12,64,2.1854,40.1122,0.9931,0.0,0.0223
Mau,Un,b,12,2,Mau_Un_b_all,0,52,2.6536,57.1167,0.9952,0.0,0.0225
Mau,Un,b,12,3,Mau_Un_b_all,0,52,2.2069,68.6342,0.9946,0.0,0.0199
OreR,Ex,a,12,1,OreR_Ex_a_all,6,58,1.6591,35.4537,0.9941,0.0,0.0157
OreR,Ex,a,12,2,OreR_Ex_a_all,42,94,1.7866,26.0475,0.9954,0.0,0.0149
OreR,Ex,a,12,3,OreR_Ex_a_all,28,80,2.2706,34.0339,0.9946,0.0,0.0206
OreR,Ex,b,12,1,OreR_Ex_b_all,29,81,1.2406,24.956,0.9931,0.0,0.0127
OreR,Ex,b,12,2,OreR_Ex_b_all,14,66,1.6777,21.7339,0.993,0.0,0.0173
OreR,Ex,b,12,3,OreR_Ex_b_all,19,71,1.4013,33.6402,0.9936,0.0,0.0138
OreR,Un,a,12,1,OreR_Un_a_all,7,59,2.2109,33.3023,0.9937,0.0,0.0216
OreR,Un,a,12,2,OreR_Un_a_all,3,55,1.8631,34.8375,0.9906,0.0,0.0222
OreR,Un,a,12,3,OreR_Un_a_all,30,82,1.6166,47.6771,0.988,0.0,0.0219
OreR,Un,b,12,1,OreR_Un_b_all,46,98,1.8736,30.9321,0.9952,0.0,0.016
OreR,Un,b,12,2,OreR_Un_b_all,22,74,1.8485,28.8709,0.996,0.0,0.0144
OreR,Un,b,12,3,OreR_Un_b_all,14,66,1.3491,24.2703,0.9929,0.0,0.014
SiI,Ex,a,12,1,SiI_Ex_a_all,34,86,0.8266,11.9654,0.987,0.0,0.0116
SiI,Ex,a,12,2,SiI_Ex_a_all,5,57,0.6095,29.6371,0.9813,0.0,0.0104
SiI,Ex,a,12,3,SiI_Ex_a_all,23,75,1.0891,17.9636,0.9925,0.0,0.0116
SiI,Ex,b,12,1,SiI_Ex_b_all,59,111,0.8515,12.0761,0.9893,0.0,0.0109
SiI,Ex,b,12,2,SiI_Ex_b_all,25,77,0.6928,28.0686,0.9867,0.0,0.0099
SiI,Ex,b,12,3,SiI_Ex_b_all,77,129,0.9972,11.4636,0.9799,0.0,0.0176
SiI,Un,a,12,1,SiI_Un_a_all,13,65,1.1138,27.6565,0.9904,0.0,0.0135
SiI,Un,a,12,2,SiI_Un_a_all,26,78,0.7737,35.0658,0.9856,0.0,0.0115
SiI,Un,a,12,3,SiI_Un_a_all,13,65,0.8647,26.422,0.9952,0.0,0.0074
SiI,Un,b,12,1,SiI_Un_b_all,65,117,0.638,26.1071,0.9773,0.0,0.012
SiI,Un,b,12,2,SiI_Un_b_all,20,72,0.8235,21.1595,0.9875,0.0,0.0114
SiI,Un,b,12,3,SiI_Un_b_all,16,68,0.8515,47.5414,0.9866,0.0,0.0122
Sm21,Ex,a,12,1,Sm21_Ex_a_all,16,68,1.1272,33.3811,0.9957,0.0,0.0091
Sm21,Ex,a,12,2,Sm21_Ex_a_all,4,56,1.9512,38.6382,0.9978,0.0,0.0111
Sm21,Ex,a,12,3,Sm21_Ex_a_all,0,52,2.0814,47.5314,0.9961,0.0,0.016
Sm21,Ex,b,12,1,Sm21_Ex_b_all,0,52,1.7642,43.2412,0.9967,0.0,0.0124
Sm21,Ex,b,12,2,Sm21_Ex_b_all,7,59,1.9606,56.1745,0.9984,0.0,0.0097
Sm21,Ex,b,12,3,Sm21_Ex_b_all,61,113,1.7633,52.2501,0.9928,0.0,0.0184
Sm21,Un,a,12,1,Sm21_Un_a_all,31,83,1.9132,16.4068,0.9955,0.0,0.0158
Sm21,Un,a,12,2,Sm21_Un_a_all,22,74,2.0773,20.8457,0.9943,0.0,0.0192
Sm21,Un,a,12,3,Sm21_Un_a_all,4,56,1.7368,52.6805,0.9949,0.0,0.0152
Sm21,Un,b,12,1,Sm21_Un_b_all,31,83,1.996,17.0825,0.9963,0.0,0.0149
Sm21,Un,b,12,2,Sm21_Un_b_all,7,59,2.1131,23.1788,0.9963,0.0,0.0157
Sm21,Un,b,12,3,Sm21_Un_b_all,10,62,2.0474,28.2361,0.9953,0.0,0.0172
Yak,Ex,a,12,1,Yak_Ex_a_all,36,88,2.2575,80.928,0.993,0.0,0.0232
Yak,Ex,a,12,2,Yak_Ex_a_all,21,73,2.7331,47.4378,0.9941,0.0,0.0258
Yak,Ex,a,12,3,Yak_Ex_a_all,13,65,3.1581,46.4487,0.998,0.0,0.0171
Yak,Ex,b,12,1,Yak_Ex_b_all,18,70,2.1173,67.6981,0.996,0.0,0.0164
Yak,Ex,b,12,2,Yak_Ex_b_all,50,102,2.4369,56.1166,0.9969,0.0,0.0167
Yak,Ex,b,12,3,Yak_Ex_b_all,6,58,3.2442,55.9313,0.9991,0.0,0.0118
Yak,Un,a,12,1,Yak_Un_a_all,38,90,1.8849,54.5126,0.9912,0.0,0.0218
Yak,Un,a,12,2,Yak_Un_a_all,27,79,2.387,39.4718,0.9955,0.0,0.0197
Yak,Un,a,12,3,Yak_Un_a_all,5,57,2.9371,46.5759,0.9958,0.0,0.0235
Yak,Un,b,12,1,Yak_Un_b_all,32,84,2.8158,40.4069,0.9919,0.0,0.0313
Yak,Un,b,12,2,Yak_Un_b_all,2,54,2.9879,66.5669,0.9984,0.0,0.0146
Yak,Un,b,12,3,Yak_Un_b_all,0,52,2.471,58.1296,0.9981,0.0,0.0132
Zim,Ex,a,12,1,Zim_Ex_a_all,7,59,1.4499,29.198,0.9954,0.0,0.0121
Zim,Ex,a,12,2,Zim_Ex_a_all,1,53,1.2598,44.4702,0.9902,0.0,0.0154
Zim,Ex,a,12,3,Zim_Ex_a_all,2,54,1.7004,40.037,0.9947,0.0,0.0153
Zim,Ex,b,12,1,Zim_Ex_b_all,3,55,1.3148,47.3313,0.9916,0.0,0.0148
Zim,Ex,b,12,2,Zim_Ex_b_all,33,85,1.5854,32.7355,0.9974,0.0,0.01
Zim,Ex,b,12,3,Zim_Ex_b_all,15,67,1.5986,35.1387,0.9965,0.0,0.0116
Zim,Un,a,12,1,Zim_Un_a_all,18,70,1.3772,43.8471,0.9784,0.0,0.0252
Zim,Un,a,12,2,Zim_Un_a_all,0,52,1.7861,37.6009,0.9877,0.0,0.0245
Zim,Un,a,12,3,Zim_Un_a_all,4,56,1.6512,36.1767,0.9918,0.0,0.0184
Zim,Un,b,12,1,Zim_Un_b_all,27,79,1.276,30.5038,0.9951,0.0,0.011
Zim,Un,b,12,2,Zim_Un_b_all,19,71,1.3873,36.2132,0.9927,0.0,0.0146
Zim,Un,b,12,3,Zim_Un_b_all,6,58,1.5972,31.6582,0.9977,0.0,0.0093
Mau,Ex,a,15,1,Mau_Ex_a_all,22,74,2.1069,43.8472,0.9915,0.0,0.0239
Mau,Ex,a,15,2,Mau_Ex_a_all,27,79,2.7917,30.6283,0.9937,0.0,0.0273
Mau,Ex,a,15,3,Mau_Ex_a_all,4,56,1.7076,55.1777,0.9874,0.0,0.0237
Mau,Ex,b,15,1,Mau_Ex_b_all,42,94,2.5907,28.1412,0.9933,0.0,0.026
Mau,Ex,b,15,2,Mau_Ex_b_all,43,95,1.7088,66.7501,0.9887,0.0,0.0224
Mau,Ex,b,15,3,Mau_Ex_b_all,15,67,1.7992,48.8205,0.9902,0.0,0.0219
Mau,Un,a,15,1,Mau_Un_a_all,45,97,2.0788,21.4429,0.9964,0.0,0.0153
Mau,Un,a,15,2,Mau_Un_a_all,19,71,2.1836,34.5447,0.9912,0.0,0.0253
Mau,Un,a,15,3,Mau_Un_a_all,6,58,2.1257,44.504,0.9908,0.0,0.0252
Mau,Un,b,15,1,Mau_Un_b_all,17,69,2.6387,62.4404,0.9948,0.0,0.0233
Mau,Un,b,15,2,Mau_Un_b_all,2,54,2.8125,54.8716,0.9983,0.0,0.0141
Mau,Un,b,15,3,Mau_Un_b_all,50,102,1.8367,76.6405,0.9873,0.0,0.0256
OreR,Ex,a,15,1,OreR_Ex_a_all,1,53,2.2059,42.5517,0.9972,0.0,0.0144
OreR,Ex,a,15,2,OreR_Ex_a_all,1,53,2.2279,27.6609,0.9941,0.0,0.0211
OreR,Ex,a,15,3,OreR_Ex_a_all,22,74,3.287,38.5166,0.9909,0.0,0.0387
OreR,Ex,b,15,1,OreR_Ex_b_all,63,115,1.1618,53.7602,0.9828,0.0,0.0189
OreR,Ex,b,15,2,OreR_Ex_b_all,47,99,2.5295,6.0101,0.9882,0.0,0.0339
OreR,Ex,b,15,3,OreR_Ex_b_all,4,56,2.0741,27.1604,0.9972,0.0,0.0134
OreR,Un,a,15,1,OreR_Un_a_all,13,65,2.5491,19.911,0.9973,0.0,0.0162
OreR,Un,a,15,2,OreR_Un_a_all,1,53,2.0161,31.5458,0.9925,0.0,0.0215
OreR,Un,a,15,3,OreR_Un_a_all,63,115,1.8841,37.4074,0.9699,0.0,0.041
OreR,Un,b,15,1,OreR_Un_b_all,51,103,2.1239,15.4248,0.9946,0.0,0.0191
OreR,Un,b,15,2,OreR_Un_b_all,27,79,1.531,29.9314,0.9858,0.0,0.0226
OreR,Un,b,15,3,OreR_Un_b_all,5,57,1.25,31.358,0.9879,0.0,0.017
SiI,Ex,a,15,1,SiI_Ex_a_all,34,86,0.792,29.3119,0.9783,0.0,0.0145
SiI,Ex,a,15,2,SiI_Ex_a_all,2,54,0.8696,35.0202,0.9842,0.0,0.0136
SiI,Ex,a,15,3,SiI_Ex_a_all,46,98,1.2456,21.153,0.9829,0.0,0.0202
SiI,Ex,b,15,1,SiI_Ex_b_all,45,97,1.2304,25.2171,0.9918,0.0,0.0138
SiI,Ex,b,15,2,SiI_Ex_b_all,87,139,1.2264,8.6916,0.9812,0.0,0.0209
SiI,Ex,b,15,3,SiI_Ex_b_all,47,99,1.1579,21.4967,0.9852,0.0,0.0175
SiI,Un,a,15,1,SiI_Un_a_all,0,52,0.7766,33.5131,0.9789,0.0,0.014
SiI,Un,a,15,2,SiI_Un_a_all,5,57,1.3202,25.9698,0.9911,0.0,0.0154
SiI,Un,a,15,3,SiI_Un_a_all,79,131,0.5364,49.8572,0.9046,0.0,0.0219
SiI,Un,b,15,1,SiI_Un_b_all,84,136,1.1756,20.0688,0.9835,0.0,0.0187
SiI,Un,b,15,2,SiI_Un_b_all,26,78,0.7933,27.6985,0.9783,0.0,0.0145
SiI,Un,b,15,3,SiI_Un_b_all,0,52,0.8494,23.431,0.9905,0.0,0.0102
Sm21,Ex,a,15,1,Sm21_Ex_a_all,0,52,1.9033,42.8149,0.9973,0.0,0.0122
Sm21,Ex,a,15,2,Sm21_Ex_a_all,15,67,1.7917,44.5039,0.9926,0.0,0.019
Sm21,Ex,a,15,3,Sm21_Ex_a_all,1,53,1.7216,46.0242,0.9944,0.0,0.0158
Sm21,Ex,b,15,1,Sm21_Ex_b_all,15,67,2.1065,54.2877,0.9967,0.0,0.0149
Sm21,Ex,b,15,2,Sm21_Ex_b_all,8,60,2.6067,50.6526,0.9969,0.0,0.0178
Sm21,Ex,b,15,3,Sm21_Ex_b_all,7,59,3.0153,23.9014,0.9969,0.0,0.0207
Sm21,Un,a,15,1,Sm21_Un_a_all,0,52,2.0102,49.4705,0.9924,0.0,0.0216
Sm21,Un,a,15,2,Sm21_Un_a_all,71,123,1.4882,42.1076,0.9855,0.0,0.0222
Sm21,Un,a,15,3,Sm21_Un_a_all,0,52,2.0866,47.0448,0.9964,0.0,0.0154
Sm21,Un,b,15,1,Sm21_Un_b_all,45,97,1.4174,54.5687,0.985,0.0,0.0215
Sm21,Un,b,15,2,Sm21_Un_b_all,27,79,1.6224,45.5673,0.9848,0.0,0.0248
Sm21,Un,b,15,3,Sm21_Un_b_all,0,52,1.8348,37.2696,0.9961,0.0,0.0141
Yak,Ex,a,15,1,Yak_Ex_a_all,4,56,2.5357,32.2677,0.9984,0.0,0.0125
Yak,Ex,a,15,2,Yak_Ex_a_all,1,53,2.5743,35.2198,0.9962,0.0,0.0195
Yak,Ex,a,15,3,Yak_Ex_a_all,2,54,2.8182,45.5457,0.9933,0.0,0.0283
Yak,Ex,b,15,1,Yak_Ex_b_all,37,89,2.5591,28.933000000000003,0.9963,0.0,0.0191
Yak,Ex,b,15,2,Yak_Ex_b_all,44,96,2.295,72.5353,0.9942,0.0,0.0216
Yak,Ex,b,15,3,Yak_Ex_b_all,45,97,3.2324,28.8734,0.9984,0.0,0.016
Yak,Un,a,15,1,Yak_Un_a_all,17,69,2.6859,48.4924,0.9968,0.0,0.0186
Yak,Un,a,15,2,Yak_Un_a_all,4,56,1.9413,42.7543,0.9931,0.0,0.0199
Yak,Un,a,15,3,Yak_Un_a_all,8,60,2.7239,36.206,0.9932,0.0,0.0276
Yak,Un,b,15,1,Yak_Un_b_all,7,59,2.1242,46.5201,0.9936,0.0,0.0208
Yak,Un,b,15,2,Yak_Un_b_all,6,58,2.7307,53.6732,0.9967,0.0,0.0192
Yak,Un,b,15,3,Yak_Un_b_all,26,78,2.5975,49.5633,0.995,0.0,0.0226
Zim,Ex,a,15,1,Zim_Ex_a_all,1,53,2.0785,31.9261,0.9965,0.0,0.0151
Zim,Ex,a,15,2,Zim_Ex_a_all,0,52,2.0934,57.0752,0.9864,0.0,0.0302
Zim,Ex,a,15,3,Zim_Ex_a_all,18,70,2.4669,25.1781,0.9951,0.0,0.0212
Zim,Ex,b,15,1,Zim_Ex_b_all,0,52,1.3502,49.0698,0.9797,0.0,0.0239
Zim,Ex,b,15,2,Zim_Ex_b_all,0,52,2.4318,45.2114,0.9926,0.0,0.0257
Zim,Ex,b,15,3,Zim_Ex_b_all,12,64,2.4065,19.5732,0.9929,0.0,0.025
Zim,Un,a,15,1,Zim_Un_a_all,58,110,0.966,53.2815,0.9651,0.0,0.0227
Zim,Un,a,15,2,Zim_Un_a_all,2,54,2.4823,41.5647,0.9969,0.0,0.0171
Zim,Un,a,15,3,Zim_Un_a_all,0,52,2.2171,45.5153,0.9945,0.0,0.0201
Zim,Un,b,15,1,Zim_Un_b_all,1,53,1.0132,38.8729,0.9902,0.0,0.0123
Zim,Un,b,15,2,Zim_Un_b_all,21,73,0.8618,56.9869,0.9871,0.0,0.0121
Zim,Un,b,15,3,Zim_Un_b_all,9,61,1.6164,53.2007,0.9936,0.0,0.0159
Mau,Ex,a,16,1,Mau_Ex_a_all,48,100,2.0458,13.5118,0.9929,0.0,0.0212
Mau,Ex,a,16,2,Mau_Ex_a_all,39,91,1.7359,21.7373,0.9882,0.0,0.0233
Mau,Ex,a,16,3,Mau_Ex_a_all,36,88,2.1288,24.5808,0.9952,0.0,0.0182
Mau,Ex,b,16,1,Mau_Ex_b_all,30,82,1.8943,23.7839,0.9924,0.0,0.0204
Mau,Ex,b,16,2,Mau_Ex_b_all,22,74,1.8513,30.9306,0.9892,0.0,0.0237
Mau,Ex,b,16,3,Mau_Ex_b_all,26,78,1.9989,55.2847,0.986,0.0,0.0293
Mau,Un,a,16,1,Mau_Un_a_all,23,75,1.9958,18.3395,0.9931,0.0,0.0204
Mau,Un,a,16,2,Mau_Un_a_all,28,80,1.8663,23.8194,0.9906,0.0,0.0223
Mau,Un,a,16,3,Mau_Un_a_all,4,56,1.844,39.4261,0.9797,0.0,0.0327
Mau,Un,b,16,1,Mau_Un_b_all,19,71,1.8561,38.177,0.9958,0.0,0.0147
Mau,Un,b,16,2,Mau_Un_b_all,47,99,2.4147,-2.155,0.996,0.0,0.0187
Mau,Un,b,16,3,Mau_Un_b_all,11,63,1.6763,23.6858,0.9957,0.0,0.0135
OreR,Ex,a,16,1,OreR_Ex_a_all,52,104,1.1201,35.0523,0.9825,0.0,0.0184
OreR,Ex,a,16,2,OreR_Ex_a_all,3,55,0.9299,28.7754,0.9917,0.0,0.0104
OreR,Ex,a,16,3,OreR_Ex_a_all,42,94,1.5108,0.8237,0.9862,0.0,0.0219
OreR,Ex,b,16,1,OreR_Ex_b_all,7,59,0.7983,20.4857,0.9937,0.0,0.0078
OreR,Ex,b,16,2,OreR_Ex_b_all,8,60,1.1296,32.3518,0.9867,0.0,0.0161
OreR,Ex,b,16,3,OreR_Ex_b_all,61,113,1.0067,26.7366,0.9446,0.0,0.0303
OreR,Un,a,16,1,OreR_Un_a_all,46,98,1.2451,37.0525,0.9845,0.0,0.0192
OreR,Un,a,16,2,OreR_Un_a_all,3,55,1.4271,28.201,0.9864,0.0,0.0206
OreR,Un,a,16,3,OreR_Un_a_all,61,113,1.4334,8.5385,0.9767,0.0,0.0273
OreR,Un,b,16,1,OreR_Un_b_all,5,57,1.2268,33.4701,0.9849,0.0,0.0187
OreR,Un,b,16,2,OreR_Un_b_all,17,69,1.6687,22.3486,0.9867,0.0,0.0238
OreR,Un,b,16,3,OreR_Un_b_all,2,54,1.1385,27.25,0.9866,0.0,0.0163
SiI,Ex,a,16,1,SiI_Ex_a_all,68,120,0.4367,19.2793,0.9597,0.0,0.0111
SiI,Ex,a,16,2,SiI_Ex_a_all,4,56,0.5547,33.2007,0.962,0.0,0.0136
SiI,Ex,a,16,3,SiI_Ex_a_all,23,75,0.8762,15.3923,0.9841,0.0,0.0137
SiI,Ex,b,16,1,SiI_Ex_b_all,48,100,0.6464,23.7403,0.9659,0.0,0.015
SiI,Ex,b,16,2,SiI_Ex_b_all,23,75,0.8866,32.12,0.9808,0.0,0.0153
SiI,Ex,b,16,3,SiI_Ex_b_all,2,54,0.6299,37.3882,0.9605,0.0,0.0158
SiI,Un,a,16,1,SiI_Un_a_all,2,54,0.5644,35.37,0.9657,0.0,0.0131
SiI,Un,a,16,2,SiI_Un_a_all,62,114,0.6938,0.8727,0.9771,0.0,0.0131
SiI,Un,a,16,3,SiI_Un_a_all,21,73,0.9511,17.1572,0.9809,0.0,0.0163
SiI,Un,b,16,1,SiI_Un_b_all,67,119,0.3294,30.7022,0.9466,0.0,0.0097
SiI,Un,b,16,2,SiI_Un_b_all,79,131,0.9605,10.6826,0.977,0.0,0.0182
SiI,Un,b,16,3,SiI_Un_b_all,57,109,0.6249,29.3071,0.9549,0.0,0.0168
Sm21,Ex,a,16,1,Sm21_Ex_a_all,10,62,1.0412,36.215,0.9722,0.0,0.0217
Sm21,Ex,a,16,2,Sm21_Ex_a_all,32,84,0.9983,26.4512,0.987,0.0,0.0141
Sm21,Ex,a,16,3,Sm21_Ex_a_all,17,69,1.4612,20.6194,0.995,0.0,0.0127
Sm21,Ex,b,16,1,Sm21_Ex_b_all,2,54,1.3404,50.1022,0.9902,0.0,0.0164
Sm21,Ex,b,16,2,Sm21_Ex_b_all,43,95,2.0502,25.8865,0.9902,0.0,0.025
Sm21,Ex,b,16,3,Sm21_Ex_b_all,35,87,1.2158,28.2121,0.9897,0.0,0.0152
Sm21,Un,a,16,1,Sm21_Un_a_all,52,104,1.2919,22.427,0.9919,0.0,0.0143
Sm21,Un,a,16,2,Sm21_Un_a_all,77,129,1.6355,14.8111,0.9796,0.0,0.029
Sm21,Un,a,16,3,Sm21_Un_a_all,47,99,1.724,34.1937,0.991,0.0,0.0202
Sm21,Un,b,16,1,Sm21_Un_b_all,8,60,1.4355,32.2677,0.9948,0.0,0.0127
Sm21,Un,b,16,2,Sm21_Un_b_all,57,109,1.2385,31.7057,0.9848,0.0,0.0189
Sm21,Un,b,16,3,Sm21_Un_b_all,21,73,1.4528,35.63800000000001,0.9947,0.0,0.013
Yak,Ex,a,16,1,Yak_Ex_a_all,10,62,1.9717,49.0503,0.9939,0.0,0.0189
Yak,Ex,a,16,2,Yak_Ex_a_all,24,76,2.3033,34.1136,0.9913,0.0,0.0265
Yak,Ex,a,16,3,Yak_Ex_a_all,65,117,1.9245,56.1285,0.9922,0.0,0.0209
Yak,Ex,b,16,1,Yak_Ex_b_all,36,88,2.6649,20.8317,0.9967,0.0,0.0188
Yak,Ex,b,16,2,Yak_Ex_b_all,33,85,2.8656,37.0029,0.9951,0.0,0.0246
Yak,Ex,b,16,3,Yak_Ex_b_all,59,111,2.5012,73.7758,0.9959,0.0,0.0197
Yak,Un,a,16,1,Yak_Un_a_all,1,53,1.7874,47.2642,0.9936,0.0,0.0176
Yak,Un,a,16,2,Yak_Un_a_all,2,54,2.5046,47.6549,0.9954,0.0,0.0208
Yak,Un,a,16,3,Yak_Un_a_all,4,56,2.3038,35.1401,0.9922,0.0,0.0251
Yak,Un,b,16,1,Yak_Un_b_all,31,83,2.9107,26.2651,0.9974,0.0,0.0181
Yak,Un,b,16,2,Yak_Un_b_all,45,97,2.2803,21.5271,0.9955,0.0,0.0188
Yak,Un,b,16,3,Yak_Un_b_all,13,65,2.2093,56.3096,0.9947,0.0,0.0197
Zim,Ex,a,16,1,Zim_Ex_a_all,18,70,1.1757,31.3758,0.9875,0.0,0.0162
Zim,Ex,a,16,2,Zim_Ex_a_all,7,59,1.0947,32.6733,0.9961,0.0,0.0085
Zim,Ex,a,16,3,Zim_Ex_a_all,14,66,1.2977,39.2954,0.9929,0.0,0.0135
Zim,Ex,b,16,1,Zim_Ex_b_all,46,98,1.6447,28.1203,0.9931,0.0,0.0168
Zim,Ex,b,16,2,Zim_Ex_b_all,48,100,1.0658,21.082,0.9761,0.0,0.0205
Zim,Ex,b,16,3,Zim_Ex_b_all,80,132,1.5768,17.2652,0.9848,0.0,0.0241
Zim,Un,a,16,1,Zim_Un_a_all,32,84,1.1694,22.8603,0.9846,0.0,0.018000000000000002
Zim,Un,a,16,2,Zim_Un_a_all,0,52,1.1327,38.8744,0.9908,0.0,0.0134
Zim,Un,a,16,3,Zim_Un_a_all,79,131,0.6962,62.7705,0.9553,0.0,0.0186
Zim,Un,b,16,1,Zim_Un_b_all,46,98,0.9891,33.957,0.9515,0.0,0.0277
Zim,Un,b,16,2,Zim_Un_b_all,21,73,1.016,22.765,0.9951,0.0,0.0087
Zim,Un,b,16,3,Zim_Un_b_all,43,95,1.1272,31.3447,0.9898,0.0,0.014
Mau,Ex,a,17,1,Mau_Ex_a_all,0,52,1.3344,34.4909,0.9938,0.0,0.0129
Mau,Ex,a,17,2,Mau_Ex_a_all,39,91,1.8901,17.7686,0.9927,0.0,0.0199
Mau,Ex,a,17,3,Mau_Ex_a_all,39,91,1.6585,18.3565,0.9924,0.0,0.0178
Mau,Ex,b,17,1,Mau_Ex_b_all,1,53,1.6768,32.5551,0.9951,0.0,0.0144
Mau,Ex,b,17,2,Mau_Ex_b_all,45,97,2.4029,5.2664,0.9914,0.0,0.0275
Mau,Ex,b,17,3,Mau_Ex_b_all,12,64,1.4452,36.2984,0.9843,0.0,0.0225
Mau,Un,a,17,1,Mau_Un_a_all,8,60,1.1707,20.4105,0.9943,0.0,0.0109
Mau,Un,a,17,2,Mau_Un_a_all,69,121,1.9043,8.4758,0.99,0.0,0.0235
Mau,Un,a,17,3,Mau_Un_a_all,66,118,1.2155,35.1757,0.9772,0.0,0.0229
Mau,Un,b,17,1,Mau_Un_b_all,27,79,2.0751,21.5463,0.9944,0.0,0.019
Mau,Un,b,17,2,Mau_Un_b_all,16,68,1.8134,38.9717,0.995,0.0,0.0157
Mau,Un,b,17,3,Mau_Un_b_all,57,109,2.0505,15.9608,0.9891,0.0,0.0265
OreR,Ex,a,17,1,OreR_Ex_a_all,0,52,0.9275,27.2044,0.997,0.0,0.0063
OreR,Ex,a,17,2,OreR_Ex_a_all,0,52,0.8039,33.2465,0.9829,0.0,0.013
OreR,Ex,a,17,3,OreR_Ex_a_all,28,80,1.4961,12.3327,0.9942,0.0,0.014
OreR,Ex,b,17,1,OreR_Ex_b_all,42,94,0.8361,21.175,0.9907,0.0,0.0099
OreR,Ex,b,17,2,OreR_Ex_b_all,52,104,0.8156,14.6269,0.9844,0.0,0.0126
OreR,Ex,b,17,3,OreR_Ex_b_all,13,65,0.9374,26.821,0.9854,0.0,0.014
OreR,Un,a,17,1,OreR_Un_a_all,46,98,1.6035,6.813,0.9904,0.0,0.0194
OreR,Un,a,17,2,OreR_Un_a_all,25,77,1.6656,13.8436,0.9925,0.0,0.0178
OreR,Un,a,17,3,OreR_Un_a_all,0,52,1.0996,35.8243,0.982,0.0,0.0183
OreR,Un,b,17,1,OreR_Un_b_all,69,121,1.0041,28.9968,0.9866,0.0,0.0144
OreR,Un,b,17,2,OreR_Un_b_all,39,91,1.1762,15.7681,0.978,0.0,0.0217
OreR,Un,b,17,3,OreR_Un_b_all,0,52,1.0472,34.4576,0.9839,0.0,0.0165
SiI,Ex,a,17,1,SiI_Ex_a_all,64,116,0.3239,20.1291,0.944,0.0,0.0098
SiI,Ex,a,17,2,SiI_Ex_a_all,20,72,0.4532,28.9516,0.972,0.0,0.0095
SiI,Ex,a,17,3,SiI_Ex_a_all,1,53,0.8453,16.9138,0.9895,0.0,0.0107
SiI,Ex,b,17,1,SiI_Ex_b_all,14,66,0.5770000000000001,21.6726,0.9859,0.0,0.0085
SiI,Ex,b,17,2,SiI_Ex_b_all,11,63,0.5896,22.4094,0.9862,0.0,0.0086
SiI,Ex,b,17,3,SiI_Ex_b_all,25,77,0.6663,26.8306,0.9885,0.0,0.0088
SiI,Un,a,17,1,SiI_Un_a_all,59,111,0.5308,15.7174,0.9395,0.0,0.0168
SiI,Un,a,17,2,SiI_Un_a_all,4,56,0.4598,24.0968,0.9616,0.0,0.0114
SiI,Un,a,17,3,SiI_Un_a_all,6,58,0.3898,29.8424,0.943,0.0,0.0119
SiI,Un,b,17,1,SiI_Un_b_all,24,76,0.3642,22.429,0.9647,0.0,0.0086
SiI,Un,b,17,2,SiI_Un_b_all,6,58,0.9629,24.147,0.989,0.0,0.0124
SiI,Un,b,17,3,SiI_Un_b_all,40,92,0.7955,19.4739,0.9841,0.0,0.0124
Sm21,Ex,a,17,1,Sm21_Ex_a_all,31,83,0.8319,31.6921,0.9864,0.0,0.012
Sm21,Ex,a,17,2,Sm21_Ex_a_all,27,79,1.0001,22.0954,0.981,0.0,0.0171
Sm21,Ex,a,17,3,Sm21_Ex_a_all,39,91,1.6439,11.9118,0.9919,0.0,0.0182
Sm21,Ex,b,17,1,Sm21_Ex_b_all,30,82,1.3441,21.5986,0.9949,0.0,0.0118
Sm21,Ex,b,17,2,Sm21_Ex_b_all,2,54,1.506,33.7768,0.9967,0.0,0.0106
Sm21,Ex,b,17,3,Sm21_Ex_b_all,1,53,1.5907,33.1269,0.9971,0.0,0.0106
Sm21,Un,a,17,1,Sm21_Un_a_all,92,144,0.9584,32.0125,0.9659,0.0,0.0222
Sm21,Un,a,17,2,Sm21_Un_a_all,58,110,1.2257,18.2423,0.9905,0.0,0.0147
Sm21,Un,a,17,3,Sm21_Un_a_all,31,83,1.4076,22.0087,0.9921,0.0,0.0154
Sm21,Un,b,17,1,Sm21_Un_b_all,56,108,1.544,4.4112,0.9952,0.0,0.0132
Sm21,Un,b,17,2,Sm21_Un_b_all,11,63,1.774,31.3712,0.9951,0.0,0.0153
Sm21,Un,b,17,3,Sm21_Un_b_all,10,62,1.6195,38.2987,0.9943,0.0,0.015
Yak,Ex,a,17,1,Yak_Ex_a_all,56,108,2.1626,21.3505,0.9949,0.0,0.019
Yak,Ex,a,17,2,Yak_Ex_a_all,6,58,2.3096,37.3729,0.996,0.0,0.018000000000000002
Yak,Ex,a,17,3,Yak_Ex_a_all,15,67,2.3088,20.6734,0.9951,0.0,0.0198
Yak,Ex,b,17,1,Yak_Ex_b_all,54,106,2.0785,30.8067,0.9916,0.0,0.0235
Yak,Ex,b,17,2,Yak_Ex_b_all,34,86,2.5025,22.5393,0.9965,0.0,0.0182
Yak,Ex,b,17,3,Yak_Ex_b_all,15,67,2.5724,25.749,0.9983,0.0,0.0132
Yak,Un,a,17,1,Yak_Un_a_all,12,64,2.2182,22.6675,0.9967,0.0,0.0157
Yak,Un,a,17,2,Yak_Un_a_all,19,71,2.2842,34.6894,0.9957,0.0,0.0184
Yak,Un,a,17,3,Yak_Un_a_all,0,52,2.4276,36.5895,0.9952,0.0,0.0206
Yak,Un,b,17,1,Yak_Un_b_all,3,55,1.8336,38.8368,0.9936,0.0,0.018000000000000002
Yak,Un,b,17,2,Yak_Un_b_all,46,98,2.1629,28.2809,0.9965,0.0,0.0157
Yak,Un,b,17,3,Yak_Un_b_all,32,84,2.6856,27.7513,0.9961,0.0,0.0206
Zim,Ex,a,17,1,Zim_Ex_a_all,81,133,0.7771,32.8379,0.9705,0.0,0.0167
Zim,Ex,a,17,2,Zim_Ex_a_all,46,98,1.0185,25.2792,0.9895,0.0,0.0129
Zim,Ex,a,17,3,Zim_Ex_a_all,1,53,0.7648,37.4674,0.9795,0.0,0.0136
Zim,Ex,b,17,1,Zim_Ex_b_all,57,109,1.0975,21.1282,0.9785,0.0,0.02
Zim,Ex,b,17,2,Zim_Ex_b_all,1,53,1.293,22.8043,0.9907,0.0,0.0153
Zim,Ex,b,17,3,Zim_Ex_b_all,61,113,1.1199,48.7938,0.9647,0.0,0.0265
Zim,Un,a,17,1,Zim_Un_a_all,50,102,0.7292,20.0365,0.9645,0.0,0.0173
Zim,Un,a,17,2,Zim_Un_a_all,5,57,0.6888,43.0717,0.9763,0.0,0.0132
Zim,Un,a,17,3,Zim_Un_a_all,0,52,0.8364,29.6952,0.9925,0.0,0.0089
Zim,Un,b,17,1,Zim_Un_b_all,40,92,1.1068,24.2024,0.9832,0.0,0.0178
Zim,Un,b,17,2,Zim_Un_b_all,39,91,1.0696,41.6373,0.9768,0.0,0.0203
Zim,Un,b,17,3,Zim_Un_b_all,48,100,1.6761,10.2005,0.9914,0.0,0.0191
Mau,Ex,a,18,1,Mau_Ex_a_all,57,109,1.1502,12.8618,0.9794,0.0,0.0206
Mau,Ex,a,18,2,Mau_Ex_a_all,14,66,0.9655,25.3499,0.9895,0.0,0.0122
Mau,Ex,a,18,3,Mau_Ex_a_all,50,102,1.177,18.3466,0.982,0.0,0.0196
Mau,Ex,b,18,1,Mau_Ex_b_all,64,116,1.4597,8.8131,0.9918,0.0,0.0163
Mau,Ex,b,18,2,Mau_Ex_b_all,58,110,1.8526,15.0851,0.991,0.0,0.0216
Mau,Ex,b,18,3,Mau_Ex_b_all,10,62,1.3551,19.8543,0.9932,0.0,0.0137
Mau,Un,a,18,1,Mau_Un_a_all,32,84,1.2614,25.9245,0.9889,0.0,0.0164
Mau,Un,a,18,2,Mau_Un_a_all,53,105,1.4824,24.0102,0.9899,0.0,0.0184
Mau,Un,a,18,3,Mau_Un_a_all,5,57,1.2508,32.1444,0.9937,0.0,0.0122
Mau,Un,b,18,1,Mau_Un_b_all,41,93,1.7052,14.3467,0.9855,0.0,0.0254
Mau,Un,b,18,2,Mau_Un_b_all,19,71,1.69,25.8639,0.9913,0.0,0.0195
Mau,Un,b,18,3,Mau_Un_b_all,51,103,2.2679,5.1462,0.9955,0.0,0.0186
OreR,Ex,a,18,1,OreR_Ex_a_all,36,88,1.1369,22.0599,0.9941,0.0,0.0108
OreR,Ex,a,18,2,OreR_Ex_a_all,0,52,1.3164,32.0564,0.9897,0.0,0.0165
OreR,Ex,a,18,3,OreR_Ex_a_all,36,88,2.2221,4.6367,0.9939,0.0,0.0213
OreR,Ex,b,18,1,OreR_Ex_b_all,44,96,1.2354,7.9698,0.9943,0.0,0.0115
OreR,Ex,b,18,2,OreR_Ex_b_all,0,52,0.9608,21.8933,0.986,0.0,0.014
OreR,Ex,b,18,3,OreR_Ex_b_all,51,103,1.1457,31.8722,0.9879,0.0,0.0156
OreR,Un,a,18,1,OreR_Un_a_all,44,96,1.3861,26.205,0.9881,0.0,0.0187
OreR,Un,a,18,2,OreR_Un_a_all,0,52,0.8546,23.1822,0.9884,0.0,0.0114
OreR,Un,a,18,3,OreR_Un_a_all,48,100,1.6446,9.0888,0.9921,0.0,0.018000000000000002
OreR,Un,b,18,1,OreR_Un_b_all,20,72,1.024,21.3812,0.9887,0.0,0.0135
OreR,Un,b,18,2,OreR_Un_b_all,24,76,1.0599,27.9492,0.9892,0.0,0.0136
OreR,Un,b,18,3,OreR_Un_b_all,42,94,1.4277,10.5324,0.9847,0.0,0.0219
SiI,Ex,a,18,1,SiI_Ex_a_all,10,62,0.285,18.6843,0.9495,0.0,0.0081
SiI,Ex,a,18,2,SiI_Ex_a_all,27,79,0.4806,16.9653,0.9495,0.0,0.0137
SiI,Ex,a,18,3,SiI_Ex_a_all,68,120,0.539,15.3519,0.9534,0.0,0.0148
SiI,Ex,b,18,1,SiI_Ex_b_all,9,61,0.7342,15.0537,0.9902,0.0,0.0089
SiI,Ex,b,18,2,SiI_Ex_b_all,11,63,0.7192,22.9739,0.9874,0.0,0.01
SiI,Ex,b,18,3,SiI_Ex_b_all,22,74,0.7467,19.7383,0.982,0.0,0.0124
SiI,Un,a,18,1,SiI_Un_a_all,78,130,0.4499,5.8105,0.9205,0.0,0.0165
SiI,Un,a,18,2,SiI_Un_a_all,74,126,0.5122,17.8859,0.9239,0.0,0.0184
SiI,Un,a,18,3,SiI_Un_a_all,43,95,0.8068,16.4335,0.9615,0.0,0.02
SiI,Un,b,18,1,SiI_Un_b_all,40,92,0.6015,17.1097,0.9696,0.0,0.0132
SiI,Un,b,18,2,SiI_Un_b_all,69,121,0.6186,6.0955,0.9738,0.0,0.0125
SiI,Un,b,18,3,SiI_Un_b_all,0,52,0.6627,16.7493,0.9733,0.0,0.0135
Sm21,Ex,a,18,1,Sm21_Ex_a_all,11,63,1.0214,17.3732,0.9946,0.0,0.0092
Sm21,Ex,a,18,2,Sm21_Ex_a_all,76,128,1.0216,20.6274,0.9913,0.0,0.0117
Sm21,Ex,a,18,3,Sm21_Ex_a_all,52,104,1.3633,-4.033,0.9912,0.0,0.0158
Sm21,Ex,b,18,1,Sm21_Ex_b_all,28,80,0.9831,6.1917,0.9938,0.0,0.0095
Sm21,Ex,b,18,2,Sm21_Ex_b_all,1,53,1.2471,21.4402,0.993,0.0,0.0128
Sm21,Ex,b,18,3,Sm21_Ex_b_all,31,83,1.0103,10.9881,0.9915,0.0,0.0115
Sm21,Un,a,18,1,Sm21_Un_a_all,26,78,1.0464,26.6677,0.9941,0.0,0.0099
Sm21,Un,a,18,2,Sm21_Un_a_all,40,92,1.133,24.9505,0.9883,0.0,0.0151
Sm21,Un,a,18,3,Sm21_Un_a_all,6,58,1.5048,24.0594,0.9942,0.0,0.0141
Sm21,Un,b,18,1,Sm21_Un_b_all,34,86,1.5099,19.0002,0.9972,0.0,0.0098
Sm21,Un,b,18,2,Sm21_Un_b_all,0,52,1.0886,33.5662,0.9908,0.0,0.0129
Sm21,Un,b,18,3,Sm21_Un_b_all,66,118,1.3475,16.772000000000002,0.985,0.0,0.0204
Yak,Ex,a,18,1,Yak_Ex_a_all,2,54,1.3305,27.0042,0.9887,0.0,0.0175
Yak,Ex,a,18,2,Yak_Ex_a_all,10,62,2.0951,20.8224,0.9902,0.0,0.0255
Yak,Ex,a,18,3,Yak_Ex_a_all,30,82,1.9454,27.8986,0.992,0.0,0.0215
Yak,Ex,b,18,1,Yak_Ex_b_all,1,53,1.2066,29.4881,0.9914,0.0,0.0138
Yak,Ex,b,18,2,Yak_Ex_b_all,75,127,1.1712,40.5787,0.9866,0.0,0.0168
Yak,Ex,b,18,3,Yak_Ex_b_all,26,78,1.2762,29.6101,0.9923,0.0,0.0138
Yak,Un,a,18,1,Yak_Un_a_all,28,80,2.4443,10.0809,0.9911,0.0,0.0284
Yak,Un,a,18,2,Yak_Un_a_all,35,87,2.2035,36.2602,0.9926,0.0,0.0233
Yak,Un,a,18,3,Yak_Un_a_all,24,76,2.3775,22.8266,0.9941,0.0,0.0225
Yak,Un,b,18,1,Yak_Un_b_all,75,127,1.9082,12.6478,0.9866,0.0,0.0273
Yak,Un,b,18,2,Yak_Un_b_all,81,133,1.9515,23.4664,0.9908,0.0,0.0231
Yak,Un,b,18,3,Yak_Un_b_all,74,126,1.8445,38.0283,0.9917,0.0,0.0207
Zim,Ex,a,18,1,Zim_Ex_a_all,28,80,1.0017,21.3069,0.9717,0.0,0.0211
Zim,Ex,a,18,2,Zim_Ex_a_all,63,115,1.1314,6.569,0.9715,0.0,0.0239
Zim,Ex,a,18,3,Zim_Ex_a_all,2,54,1.0603,21.7318,0.993,0.0,0.011
Zim,Ex,b,18,1,Zim_Ex_b_all,11,63,1.1015,24.6565,0.9801,0.0,0.0193
Zim,Ex,b,18,2,Zim_Ex_b_all,1,53,1.0394,26.9881,0.9849,0.0,0.0158
Zim,Ex,b,18,3,Zim_Ex_b_all,52,104,0.9516,30.4918,0.9796,0.0,0.0169
Zim,Un,a,18,1,Zim_Un_a_all,44,96,1.1009,7.6906,0.9762,0.0,0.0212
Zim,Un,a,18,2,Zim_Un_a_all,0,52,1.2409,30.248,0.9904,0.0,0.015
Zim,Un,a,18,3,Zim_Un_a_all,16,68,1.0916,29.3438,0.9872,0.0,0.0153
Zim,Un,b,18,1,Zim_Un_b_all,13,65,0.8043,25.6201,0.9898,0.0,0.01
Zim,Un,b,18,2,Zim_Un_b_all,0,52,0.6615,27.5593,0.9826,0.0,0.0108
Zim,Un,b,18,3,Zim_Un_b_all,62,114,1.466,6.2246,0.9942,0.0,0.0138
Mau,Ex,a,19,1,Mau_Ex_a_all,0,52,0.7008,27.7887,0.9864,0.0,0.0101
Mau,Ex,a,19,2,Mau_Ex_a_all,0,52,0.9351,26.1981,0.9912,0.0,0.0108
Mau,Ex,a,19,3,Mau_Ex_a_all,46,98,1.0907,11.6696,0.9853,0.0,0.0164
Mau,Ex,b,19,1,Mau_Ex_b_all,43,95,1.5013,15.7945,0.9943,0.0,0.0139
Mau,Ex,b,19,2,Mau_Ex_b_all,23,75,1.5103,14.8626,0.9945,0.0,0.0138
Mau,Ex,b,19,3,Mau_Ex_b_all,39,91,1.5679,14.4708,0.9951,0.0,0.0136
Mau,Un,a,19,1,Mau_Un_a_all,51,103,1.5676,10.8553,0.9883,0.0,0.021
Mau,Un,a,19,2,Mau_Un_a_all,27,79,1.8904,9.9017,0.9927,0.0,0.0198
Mau,Un,a,19,3,Mau_Un_a_all,76,128,1.1641,31.5656,0.9718,0.0,0.0244
Mau,Un,b,19,1,Mau_Un_b_all,53,105,1.5306,18.7953,0.9854,0.0,0.0229
Mau,Un,b,19,2,Mau_Un_b_all,4,56,1.1368,29.4145,0.986,0.0,0.0167
Mau,Un,b,19,3,Mau_Un_b_all,55,107,1.1461,29.0415,0.9914,0.0,0.0131
OreR,Ex,a,19,1,OreR_Ex_a_all,19,71,0.8681,23.1777,0.9906,0.0,0.0104
OreR,Ex,a,19,2,OreR_Ex_a_all,45,97,1.4458,4.0529,0.9922,0.0,0.0157
OreR,Ex,a,19,3,OreR_Ex_a_all,14,66,1.3172,22.6935,0.994,0.0,0.0126
OreR,Ex,b,19,1,OreR_Ex_b_all,0,52,0.5431,25.7648,0.9813,0.0,0.0092
OreR,Ex,b,19,2,OreR_Ex_b_all,2,54,0.7206,27.316,0.9779,0.0,0.0133
OreR,Ex,b,19,3,OreR_Ex_b_all,25,77,1.3727,3.6881,0.9939,0.0,0.0132
OreR,Un,a,19,1,OreR_Un_a_all,9,61,0.5696,30.5488,0.9872,0.0,0.008
OreR,Un,a,19,2,OreR_Un_a_all,73,125,1.3764,-6.8128,0.988,0.0,0.0186
OreR,Un,a,19,3,OreR_Un_a_all,53,105,1.2624,10.8794,0.9902,0.0,0.0154
OreR,Un,b,19,1,OreR_Un_b_all,21,73,0.8809,23.0459,0.9937,0.0,0.0086
OreR,Un,b,19,2,OreR_Un_b_all,47,99,0.6893,16.762999999999998,0.973,0.0,0.0142
OreR,Un,b,19,3,OreR_Un_b_all,14,66,0.9758,30.4081,0.9938,0.0,0.0095
SiI,Ex,a,19,1,SiI_Ex_a_all,86,138,0.3171,9.9069,0.9023,0.0,0.0131
SiI,Ex,a,19,2,SiI_Ex_a_all,32,84,0.5623,7.9004,0.9847,0.0,0.0086
SiI,Ex,a,19,3,SiI_Ex_a_all,0,52,0.345,27.0154,0.9566,0.0,0.0091
SiI,Ex,b,19,1,SiI_Ex_b_all,11,63,0.2667,31.3425,0.8653,0.0,0.0134
SiI,Ex,b,19,2,SiI_Ex_b_all,52,104,0.6105,13.4187,0.9594,0.0,0.0155
SiI,Ex,b,19,3,SiI_Ex_b_all,35,87,0.6983,17.3012,0.9683,0.0,0.0156
SiI,Un,a,19,1,SiI_Un_a_all,36,88,0.2269,24.5869,0.8478,0.0,0.0123
SiI,Un,a,19,2,SiI_Un_a_all,33,85,0.2387,16.0109,0.9395,0.0,0.0075
SiI,Un,a,19,3,SiI_Un_a_all,63,115,0.3877,16.1558,0.9585,0.0,0.01
SiI,Un,b,19,1,SiI_Un_b_all,62,114,0.2654,28.209,0.8675,0.0,0.0132
SiI,Un,b,19,2,SiI_Un_b_all,6,58,0.4035,12.3001,0.9884,0.0,0.0054
SiI,Un,b,19,3,SiI_Un_b_all,92,144,0.5919,1.7488,0.9494,0.0,0.017
Sm21,Ex,a,19,1,Sm21_Ex_a_all,61,113,0.8395,11.4137,0.9805,0.0,0.0146
Sm21,Ex,a,19,2,Sm21_Ex_a_all,25,77,1.2301,16.954,0.9961,0.0,0.0094
Sm21,Ex,a,19,3,Sm21_Ex_a_all,0,52,0.9519,26.1718,0.9784,0.0,0.0174
Sm21,Ex,b,19,1,Sm21_Ex_b_all,59,111,1.0912,-0.5844,0.972,0.0,0.0228
Sm21,Ex,b,19,2,Sm21_Ex_b_all,19,71,0.9585,12.9026,0.9915,0.0,0.0109
Sm21,Ex,b,19,3,Sm21_Ex_b_all,16,68,1.1819,15.5819,0.9915,0.0,0.0134
Sm21,Un,a,19,1,Sm21_Un_a_all,80,132,0.8746,17.3528,0.9901,0.0,0.0107
Sm21,Un,a,19,2,Sm21_Un_a_all,0,52,0.9202,26.4884,0.9894,0.0,0.0117
Sm21,Un,a,19,3,Sm21_Un_a_all,8,60,1.0371,18.6817,0.9939,0.0,0.01
Sm21,Un,b,19,1,Sm21_Un_b_all,43,95,0.9438,16.6749,0.9828,0.0,0.0154
Sm21,Un,b,19,2,Sm21_Un_b_all,17,69,1.4304,16.5168,0.9935,0.0,0.0142
Sm21,Un,b,19,3,Sm21_Un_b_all,49,101,1.293,26.648000000000003,0.9905,0.0,0.0155
Yak,Ex,a,19,1,Yak_Ex_a_all,8,60,0.9542,14.4534,0.9894,0.0,0.0121
Yak,Ex,a,19,2,Yak_Ex_a_all,37,89,0.9188,16.3196,0.9857,0.0,0.0136
Yak,Ex,a,19,3,Yak_Ex_a_all,0,52,0.8945,23.0762,0.9852,0.0,0.0135
Yak,Ex,b,19,1,Yak_Ex_b_all,54,106,1.348,10.134,0.9892,0.0,0.0173
Yak,Ex,b,19,2,Yak_Ex_b_all,49,101,1.2679,19.0544,0.9828,0.0,0.0206
Yak,Ex,b,19,3,Yak_Ex_b_all,21,73,1.3499,13.1876,0.9937,0.0,0.0132
Yak,Un,a,19,1,Yak_Un_a_all,36,88,1.5057,25.2525,0.9876,0.0,0.0208
Yak,Un,a,19,2,Yak_Un_a_all,24,76,1.9481,24.4037,0.9859,0.0,0.0287
Yak,Un,a,19,3,Yak_Un_a_all,46,98,1.5024,46.9615,0.9929,0.0,0.0156
Yak,Un,b,19,1,Yak_Un_b_all,35,87,1.5896,17.7208,0.982,0.0,0.0264
Yak,Un,b,19,2,Yak_Un_b_all,28,80,1.3027,19.6328,0.9858,0.0,0.0192
Yak,Un,b,19,3,Yak_Un_b_all,5,57,1.6373,26.7633,0.9926,0.0,0.0173
Zim,Ex,a,19,1,Zim_Ex_a_all,30,82,0.6314,25.2886,0.9736,0.0,0.0128
Zim,Ex,a,19,2,Zim_Ex_a_all,83,135,0.6838,38.4838,0.9488,0.0,0.0197
Zim,Ex,a,19,3,Zim_Ex_a_all,3,55,0.6338,21.0664,0.9816,0.0,0.0107
Zim,Ex,b,19,1,Zim_Ex_b_all,0,52,0.5816,30.4598,0.9358,0.0,0.019
Zim,Ex,b,19,2,Zim_Ex_b_all,2,54,1.0494,16.2545,0.9933,0.0,0.0106
Zim,Ex,b,19,3,Zim_Ex_b_all,29,81,1.1714,7.1446,0.9865,0.0,0.0169
Zim,Un,a,19,1,Zim_Un_a_all,3,55,0.7139,39.3468,0.9891,0.0,0.0092
Zim,Un,a,19,2,Zim_Un_a_all,69,121,1.0501,17.7901,0.9791,0.0,0.0189
Zim,Un,a,19,3,Zim_Un_a_all,26,78,1.0512,36.4638,0.9887,0.0,0.0138
Zim,Un,b,19,1,Zim_Un_b_all,26,78,1.1267,19.8845,0.985,0.0,0.0171
Zim,Un,b,19,2,Zim_Un_b_all,41,93,1.1575,9.8556,0.9795,0.0,0.0206
Zim,Un,b,19,3,Zim_Un_b_all,46,98,1.4985,4.9573,0.9931,0.0,0.0153
